reference,value,footprint,manufacturer,manufacturer_part,supplier_number,physical_pin,pin_function,pin_type,connected_net,functional_block,model_category,model_file,model_subcircuit,model_terminal_order,model_confidence,simulation_status
BT1,"type=""R"" model=""Battery_Cell"" lib=""""",Maxime:BAT-TH_CR2032-BS-6-1,,,C70377,1,+_1,passive,+BATT,power and precision references,datasheet-derived electrical model,,,,medium,CR2032 fixed-source or dynamic equivalent; exact cell manufacturer unresolved
BT1,"type=""R"" model=""Battery_Cell"" lib=""""",Maxime:BAT-TH_CR2032-BS-6-1,,,C70377,2,-_2,passive,GNDREF,power and precision references,datasheet-derived electrical model,,,,medium,CR2032 fixed-source or dynamic equivalent; exact cell manufacturer unresolved
C1,10uF,JLCPCB:C_0805,SAMSUNG(三星),CL05A106MP5NUNC,C15850,1,1_1,passive,+BATT,power and precision references,ordinary passive instantiated directly,,,,medium,"capacitor with ESR, leakage, ESL and optional DC-bias derating"
C1,10uF,JLCPCB:C_0805,SAMSUNG(三星),CL05A106MP5NUNC,C15850,2,2_2,passive,GNDREF,power and precision references,ordinary passive instantiated directly,,,,medium,"capacitor with ESR, leakage, ESL and optional DC-bias derating"
C2,10uF,JLCPCB:C_0805,SAMSUNG(三星),CL05A106MP5NUNC,C15850,1,1_1,passive,VDD,local decoupling,ordinary passive instantiated directly,,,,medium,"capacitor with ESR, leakage, ESL and optional DC-bias derating"
C2,10uF,JLCPCB:C_0805,SAMSUNG(三星),CL05A106MP5NUNC,C15850,2,2_2,passive,GNDREF,local decoupling,ordinary passive instantiated directly,,,,medium,"capacitor with ESR, leakage, ESL and optional DC-bias derating"
C3,100nF,JLCPCB:C_0402,SAMSUNG(三星),CL05B104KO5NNNC,C1525,1,1_1,passive,GNDREF,local decoupling,ordinary passive instantiated directly,,,,medium,"capacitor with ESR, leakage, ESL and optional DC-bias derating"
C3,100nF,JLCPCB:C_0402,SAMSUNG(三星),CL05B104KO5NNNC,C1525,2,2_2,passive,VDD,local decoupling,ordinary passive instantiated directly,,,,medium,"capacitor with ESR, leakage, ESL and optional DC-bias derating"
C4,100nF,JLCPCB:C_0402,SAMSUNG(三星),CL05B104KO5NNNC,C1525,1,1_1,passive,GNDREF,local decoupling,ordinary passive instantiated directly,,,,medium,"capacitor with ESR, leakage, ESL and optional DC-bias derating"
C4,100nF,JLCPCB:C_0402,SAMSUNG(三星),CL05B104KO5NNNC,C1525,2,2_2,passive,VDD,local decoupling,ordinary passive instantiated directly,,,,medium,"capacitor with ESR, leakage, ESL and optional DC-bias derating"
C5,100nF,JLCPCB:C_0402,SAMSUNG(三星),CL05B104KO5NNNC,C1525,1,1_1,passive,GNDREF,local decoupling,ordinary passive instantiated directly,,,,medium,"capacitor with ESR, leakage, ESL and optional DC-bias derating"
C5,100nF,JLCPCB:C_0402,SAMSUNG(三星),CL05B104KO5NNNC,C1525,2,2_2,passive,VDD,local decoupling,ordinary passive instantiated directly,,,,medium,"capacitor with ESR, leakage, ESL and optional DC-bias derating"
C6,100nF,JLCPCB:C_0402,SAMSUNG(三星),CL05B104KO5NNNC,C1525,1,1_1,passive,GNDREF,local decoupling,ordinary passive instantiated directly,,,,medium,"capacitor with ESR, leakage, ESL and optional DC-bias derating"
C6,100nF,JLCPCB:C_0402,SAMSUNG(三星),CL05B104KO5NNNC,C1525,2,2_2,passive,VDD,local decoupling,ordinary passive instantiated directly,,,,medium,"capacitor with ESR, leakage, ESL and optional DC-bias derating"
C7,100nF,JLCPCB:C_0402,SAMSUNG(三星),CL05B104KO5NNNC,C1525,1,1_1,passive,GNDREF,local decoupling,ordinary passive instantiated directly,,,,medium,"capacitor with ESR, leakage, ESL and optional DC-bias derating"
C7,100nF,JLCPCB:C_0402,SAMSUNG(三星),CL05B104KO5NNNC,C1525,2,2_2,passive,VDD,local decoupling,ordinary passive instantiated directly,,,,medium,"capacitor with ESR, leakage, ESL and optional DC-bias derating"
C8,100nF,JLCPCB:C_0402,SAMSUNG(三星),CL05B104KO5NNNC,C1525,1,1_1,passive,GNDREF,local decoupling,ordinary passive instantiated directly,,,,medium,"capacitor with ESR, leakage, ESL and optional DC-bias derating"
C8,100nF,JLCPCB:C_0402,SAMSUNG(三星),CL05B104KO5NNNC,C1525,2,2_2,passive,VDD,local decoupling,ordinary passive instantiated directly,,,,medium,"capacitor with ESR, leakage, ESL and optional DC-bias derating"
C9,10uF,JLCPCB:C_0805,SAMSUNG(三星),CL05A106MP5NUNC,C15850,1,1_1,passive,VDD,local decoupling,ordinary passive instantiated directly,,,,medium,"capacitor with ESR, leakage, ESL and optional DC-bias derating"
C9,10uF,JLCPCB:C_0805,SAMSUNG(三星),CL05A106MP5NUNC,C15850,2,2_2,passive,GNDREF,local decoupling,ordinary passive instantiated directly,,,,medium,"capacitor with ESR, leakage, ESL and optional DC-bias derating"
C10,22uF,JLCPCB:C_0805,SAMSUNG(三星),CL21A226MAYNNNE,C602037,1,1_1,passive,GNDREF,miscellaneous schematic support,ordinary passive instantiated directly,,,,medium,"capacitor with ESR, leakage, ESL and optional DC-bias derating"
C10,22uF,JLCPCB:C_0805,SAMSUNG(三星),CL21A226MAYNNNE,C602037,2,2_2,passive,Net-(U7-VOUT),miscellaneous schematic support,ordinary passive instantiated directly,,,,medium,"capacitor with ESR, leakage, ESL and optional DC-bias derating"
C11,1uF,JLCPCB:C_0402,SAMSUNG(三星),CL05A105KA5NQNC,C52923,1,1_1,passive,V_Boost,power and precision references,ordinary passive instantiated directly,,,,medium,"capacitor with ESR, leakage, ESL and optional DC-bias derating"
C11,1uF,JLCPCB:C_0402,SAMSUNG(三星),CL05A105KA5NQNC,C52923,2,2_2,passive,GNDREF,power and precision references,ordinary passive instantiated directly,,,,medium,"capacitor with ESR, leakage, ESL and optional DC-bias derating"
C12,100nF,JLCPCB:C_0402,SAMSUNG(三星),CL05B104KO5NNNC,C1525,1,1_1,passive,V_Boost,power and precision references,ordinary passive instantiated directly,,,,medium,"capacitor with ESR, leakage, ESL and optional DC-bias derating"
C12,100nF,JLCPCB:C_0402,SAMSUNG(三星),CL05B104KO5NNNC,C1525,2,2_2,passive,GNDREF,power and precision references,ordinary passive instantiated directly,,,,medium,"capacitor with ESR, leakage, ESL and optional DC-bias derating"
C13,100pF,JLCPCB:C_0402,FH(风华),0402CG101J500NT,C2167113,1,1_1,passive,Vm_Ext,external membrane display/output,ordinary passive instantiated directly,,,,medium,"capacitor with ESR, leakage, ESL and optional DC-bias derating"
C13,100pF,JLCPCB:C_0402,FH(风华),0402CG101J500NT,C2167113,2,2_2,passive,GNDREF,external membrane display/output,ordinary passive instantiated directly,,,,medium,"capacitor with ESR, leakage, ESL and optional DC-bias derating"
C14,100nF,JLCPCB:C_0402,SAMSUNG(三星),CL05B104KO5NNNC,C1525,1,1_1,passive,V_Boost,power and precision references,ordinary passive instantiated directly,,,,medium,"capacitor with ESR, leakage, ESL and optional DC-bias derating"
C14,100nF,JLCPCB:C_0402,SAMSUNG(三星),CL05B104KO5NNNC,C1525,2,2_2,passive,GNDREF,power and precision references,ordinary passive instantiated directly,,,,medium,"capacitor with ESR, leakage, ESL and optional DC-bias derating"
C15,100nF,JLCPCB:C_0402,SAMSUNG(三星),CL05B104KO5NNNC,C1525,1,1_1,passive,VREF_2V048,power and precision references,ordinary passive instantiated directly,,,,medium,"capacitor with ESR, leakage, ESL and optional DC-bias derating"
C15,100nF,JLCPCB:C_0402,SAMSUNG(三星),CL05B104KO5NNNC,C1525,2,2_2,passive,GNDREF,power and precision references,ordinary passive instantiated directly,,,,medium,"capacitor with ESR, leakage, ESL and optional DC-bias derating"
C16,22nF,JLCPCB:C_0402,SAMSUNG(三星),CL05B104KO5NNNC,C1532,1,1_1,passive,GNDREF,external membrane display/output,ordinary passive instantiated directly,,,,medium,"capacitor with ESR, leakage, ESL and optional DC-bias derating"
C16,22nF,JLCPCB:C_0402,SAMSUNG(三星),CL05B104KO5NNNC,C1532,2,2_2,passive,Vm_Display_In,external membrane display/output,ordinary passive instantiated directly,,,,medium,"capacitor with ESR, leakage, ESL and optional DC-bias derating"
C17,100nF,JLCPCB:C_0402,SAMSUNG(三星),CL05B104KO5NNNC,C1525,1,1_1,passive,VDD,local decoupling,ordinary passive instantiated directly,,,,medium,"capacitor with ESR, leakage, ESL and optional DC-bias derating"
C17,100nF,JLCPCB:C_0402,SAMSUNG(三星),CL05B104KO5NNNC,C1525,2,2_2,passive,GNDREF,local decoupling,ordinary passive instantiated directly,,,,medium,"capacitor with ESR, leakage, ESL and optional DC-bias derating"
C18,470nF,JLCPCB:C_0603,CCTC(三环),TCC0603X7R474K500CT,C376839,1,1_1,passive,Net-(U9-NO),membrane capacitance selector,ordinary passive instantiated directly,,,,medium,"capacitor with ESR, leakage, ESL and optional DC-bias derating"
C18,470nF,JLCPCB:C_0603,CCTC(三环),TCC0603X7R474K500CT,C376839,2,2_2,passive,GNDREF,membrane capacitance selector,ordinary passive instantiated directly,,,,medium,"capacitor with ESR, leakage, ESL and optional DC-bias derating"
C19,100nF,JLCPCB:C_0402,SAMSUNG(三星),CL05B104KO5NNNC,C1525,1,1_1,passive,VDD,local decoupling,ordinary passive instantiated directly,,,,medium,"capacitor with ESR, leakage, ESL and optional DC-bias derating"
C19,100nF,JLCPCB:C_0402,SAMSUNG(三星),CL05B104KO5NNNC,C1525,2,2_2,passive,GNDREF,local decoupling,ordinary passive instantiated directly,,,,medium,"capacitor with ESR, leakage, ESL and optional DC-bias derating"
C20,1uF,JLCPCB:C_0603,muRata(村田),GRM188R71E105KA12D,C29936,1,1_1,passive,Net-(U10-NO),membrane capacitance selector,ordinary passive instantiated directly,,,,medium,"capacitor with ESR, leakage, ESL and optional DC-bias derating"
C20,1uF,JLCPCB:C_0603,muRata(村田),GRM188R71E105KA12D,C29936,2,2_2,passive,GNDREF,membrane capacitance selector,ordinary passive instantiated directly,,,,medium,"capacitor with ESR, leakage, ESL and optional DC-bias derating"
C21,100nF,JLCPCB:C_0402,SAMSUNG(三星),CL05B104KO5NNNC,C1525,1,1_1,passive,VDD,local decoupling,ordinary passive instantiated directly,,,,medium,"capacitor with ESR, leakage, ESL and optional DC-bias derating"
C21,100nF,JLCPCB:C_0402,SAMSUNG(三星),CL05B104KO5NNNC,C1525,2,2_2,passive,GNDREF,local decoupling,ordinary passive instantiated directly,,,,medium,"capacitor with ESR, leakage, ESL and optional DC-bias derating"
C22,2.2uF,JLCPCB:C_0603,SAMSUNG(三星),CL10A225KA8NNNC,C57895,1,1_1,passive,Net-(U11-NO),membrane capacitance selector,ordinary passive instantiated directly,,,,medium,"capacitor with ESR, leakage, ESL and optional DC-bias derating"
C22,2.2uF,JLCPCB:C_0603,SAMSUNG(三星),CL10A225KA8NNNC,C57895,2,2_2,passive,GNDREF,membrane capacitance selector,ordinary passive instantiated directly,,,,medium,"capacitor with ESR, leakage, ESL and optional DC-bias derating"
C23,100nF,JLCPCB:C_0402,SAMSUNG(三星),CL05B104KO5NNNC,C1525,1,1_1,passive,VDD,local decoupling,ordinary passive instantiated directly,,,,medium,"capacitor with ESR, leakage, ESL and optional DC-bias derating"
C23,100nF,JLCPCB:C_0402,SAMSUNG(三星),CL05B104KO5NNNC,C1525,2,2_2,passive,GNDREF,local decoupling,ordinary passive instantiated directly,,,,medium,"capacitor with ESR, leakage, ESL and optional DC-bias derating"
C24,4.7uF,JLCPCB:C_0805,SAMSUNG(三星),CL21A475KAQNNNE,C1779,1,1_1,passive,Net-(U12-NO),membrane capacitance selector,ordinary passive instantiated directly,,,,medium,"capacitor with ESR, leakage, ESL and optional DC-bias derating"
C24,4.7uF,JLCPCB:C_0805,SAMSUNG(三星),CL21A475KAQNNNE,C1779,2,2_2,passive,GNDREF,membrane capacitance selector,ordinary passive instantiated directly,,,,medium,"capacitor with ESR, leakage, ESL and optional DC-bias derating"
C25,100nF,JLCPCB:C_0402,SAMSUNG(三星),CL05B104KO5NNNC,C1525,1,1_1,passive,VDD,local decoupling,ordinary passive instantiated directly,,,,medium,"capacitor with ESR, leakage, ESL and optional DC-bias derating"
C25,100nF,JLCPCB:C_0402,SAMSUNG(三星),CL05B104KO5NNNC,C1525,2,2_2,passive,GNDREF,local decoupling,ordinary passive instantiated directly,,,,medium,"capacitor with ESR, leakage, ESL and optional DC-bias derating"
C26,10uF,JLCPCB:C_0805,HRE(芯声),CGA0805X7R106K250MT,C40894,1,1_1,passive,Net-(U13-NO),membrane capacitance selector,ordinary passive instantiated directly,,,,medium,"capacitor with ESR, leakage, ESL and optional DC-bias derating"
C26,10uF,JLCPCB:C_0805,HRE(芯声),CGA0805X7R106K250MT,C40894,2,2_2,passive,GNDREF,membrane capacitance selector,ordinary passive instantiated directly,,,,medium,"capacitor with ESR, leakage, ESL and optional DC-bias derating"
C27,100nF,JLCPCB:C_0402,SAMSUNG(三星),CL05B104KO5NNNC,C1525,1,1_1,passive,VDD,local decoupling,ordinary passive instantiated directly,,,,medium,"capacitor with ESR, leakage, ESL and optional DC-bias derating"
C27,100nF,JLCPCB:C_0402,SAMSUNG(三星),CL05B104KO5NNNC,C1525,2,2_2,passive,GNDREF,local decoupling,ordinary passive instantiated directly,,,,medium,"capacitor with ESR, leakage, ESL and optional DC-bias derating"
C28,100pF,JLCPCB:C_0402,FH(风华),0402CG101J500NT,C2167113,1,1_1,passive,GNDREF,membrane leak and integration,ordinary passive instantiated directly,,,,medium,"capacitor with ESR, leakage, ESL and optional DC-bias derating"
C28,100pF,JLCPCB:C_0402,FH(风华),0402CG101J500NT,C2167113,2,2_2,passive,Vm_Int,membrane leak and integration,ordinary passive instantiated directly,,,,medium,"capacitor with ESR, leakage, ESL and optional DC-bias derating"
C29,1uF,JLCPCB:C_0603,muRata(村田),GRM188R71E105KA12D,C29936,1,1_1,passive,/Vkick,adaptation,ordinary passive instantiated directly,,,,medium,"capacitor with ESR, leakage, ESL and optional DC-bias derating"
C29,1uF,JLCPCB:C_0603,muRata(村田),GRM188R71E105KA12D,C29936,2,2_2,passive,/Adapt_Kick_Drive,adaptation,ordinary passive instantiated directly,,,,medium,"capacitor with ESR, leakage, ESL and optional DC-bias derating"
C30,10uF,JLCPCB:C_0805,SAMSUNG(三星),CL05A106MP5NUNC,C15850,1,1_1,passive,GNDREF,adaptation,ordinary passive instantiated directly,,,,medium,"capacitor with ESR, leakage, ESL and optional DC-bias derating"
C30,10uF,JLCPCB:C_0805,SAMSUNG(三星),CL05A106MP5NUNC,C15850,2,2_2,passive,Vw,adaptation,ordinary passive instantiated directly,,,,medium,"capacitor with ESR, leakage, ESL and optional DC-bias derating"
C31,10nF,JLCPCB:C_0402,Samsung Electro-Mechanics,,C15195,1,,passive,AP,"threshold, AP, peak, reset and spike output",ordinary passive instantiated directly,,,,medium,"capacitor with ESR, leakage, ESL and optional DC-bias derating"
C31,10nF,JLCPCB:C_0402,Samsung Electro-Mechanics,,C15195,2,,passive,/Rising_AP,"threshold, AP, peak, reset and spike output",ordinary passive instantiated directly,,,,medium,"capacitor with ESR, leakage, ESL and optional DC-bias derating"
C32,100nF,JLCPCB:C_0402,SAMSUNG(三星),CL05B104KO5NNNC,C1525,1,1_1,passive,VDD,local decoupling,ordinary passive instantiated directly,,,,medium,"capacitor with ESR, leakage, ESL and optional DC-bias derating"
C32,100nF,JLCPCB:C_0402,SAMSUNG(三星),CL05B104KO5NNNC,C1525,2,2_2,passive,GNDREF,local decoupling,ordinary passive instantiated directly,,,,medium,"capacitor with ESR, leakage, ESL and optional DC-bias derating"
C33,1uF,JLCPCB:C_0402,SAMSUNG(三星),CL05A105KA5NQNC,C52923,1,1_1,passive,GNDREF,miscellaneous schematic support,ordinary passive instantiated directly,,,,medium,"capacitor with ESR, leakage, ESL and optional DC-bias derating"
C33,1uF,JLCPCB:C_0402,SAMSUNG(三星),CL05A105KA5NQNC,C52923,2,2_2,passive,Net-(U6C-INC-),miscellaneous schematic support,ordinary passive instantiated directly,,,,medium,"capacitor with ESR, leakage, ESL and optional DC-bias derating"
C34,100nF,JLCPCB:C_0402,SAMSUNG(三星),CL05B104KO5NNNC,C1525,1,1_1,passive,VDD,local decoupling,ordinary passive instantiated directly,,,,medium,"capacitor with ESR, leakage, ESL and optional DC-bias derating"
C34,100nF,JLCPCB:C_0402,SAMSUNG(三星),CL05B104KO5NNNC,C1525,2,2_2,passive,GNDREF,local decoupling,ordinary passive instantiated directly,,,,medium,"capacitor with ESR, leakage, ESL and optional DC-bias derating"
C35,100nF,JLCPCB:C_0402,SAMSUNG(三星),CL05B104KO5NNNC,C1525,1,1_1,passive,VDD,local decoupling,ordinary passive instantiated directly,,,,medium,"capacitor with ESR, leakage, ESL and optional DC-bias derating"
C35,100nF,JLCPCB:C_0402,SAMSUNG(三星),CL05B104KO5NNNC,C1525,2,2_2,passive,GNDREF,local decoupling,ordinary passive instantiated directly,,,,medium,"capacitor with ESR, leakage, ESL and optional DC-bias derating"
C36,100nF,JLCPCB:C_0402,SAMSUNG(三星),CL05B104KO5NNNC,C1525,1,1_1,passive,VDD,local decoupling,ordinary passive instantiated directly,,,,medium,"capacitor with ESR, leakage, ESL and optional DC-bias derating"
C36,100nF,JLCPCB:C_0402,SAMSUNG(三星),CL05B104KO5NNNC,C1525,2,2_2,passive,GNDREF,local decoupling,ordinary passive instantiated directly,,,,medium,"capacitor with ESR, leakage, ESL and optional DC-bias derating"
C37,100nF,JLCPCB:C_0402,SAMSUNG(三星),CL05B104KO5NNNC,C1525,1,1_1,passive,VDD,local decoupling,ordinary passive instantiated directly,,,,medium,"capacitor with ESR, leakage, ESL and optional DC-bias derating"
C37,100nF,JLCPCB:C_0402,SAMSUNG(三星),CL05B104KO5NNNC,C1525,2,2_2,passive,GNDREF,local decoupling,ordinary passive instantiated directly,,,,medium,"capacitor with ESR, leakage, ESL and optional DC-bias derating"
C38,220nF,JLCPCB:C_0603,YAGEO(国巨),CC0603KRX7R7BB224,C106249,1,1_1,passive,GNDREF,signed synapses,ordinary passive instantiated directly,,,,medium,"capacitor with ESR, leakage, ESL and optional DC-bias derating"
C38,220nF,JLCPCB:C_0603,YAGEO(国巨),CC0603KRX7R7BB224,C106249,2,2_2,passive,V_Syn_State,signed synapses,ordinary passive instantiated directly,,,,medium,"capacitor with ESR, leakage, ESL and optional DC-bias derating"
C39,100pF,JLCPCB:C_0402,FH(风华),0402CG101J500NT,C2167113,1,1_1,passive,V_Stim_Cmd,external stimulus,ordinary passive instantiated directly,,,,medium,"capacitor with ESR, leakage, ESL and optional DC-bias derating"
C39,100pF,JLCPCB:C_0402,FH(风华),0402CG101J500NT,C2167113,2,2_2,passive,GNDREF,external stimulus,ordinary passive instantiated directly,,,,medium,"capacitor with ESR, leakage, ESL and optional DC-bias derating"
C40,100nF,JLCPCB:C_0402,SAMSUNG(三星),CL05B104KO5NNNC,C1525,1,1_1,passive,VDD,local decoupling,ordinary passive instantiated directly,,,,medium,"capacitor with ESR, leakage, ESL and optional DC-bias derating"
C40,100nF,JLCPCB:C_0402,SAMSUNG(三星),CL05B104KO5NNNC,C1525,2,2_2,passive,GNDREF,local decoupling,ordinary passive instantiated directly,,,,medium,"capacitor with ESR, leakage, ESL and optional DC-bias derating"
C41,100nF,JLCPCB:C_0402,SAMSUNG(三星),CL05B104KO5NNNC,C1525,1,1_1,passive,GNDREF,local decoupling,ordinary passive instantiated directly,,,,medium,"capacitor with ESR, leakage, ESL and optional DC-bias derating"
C41,100nF,JLCPCB:C_0402,SAMSUNG(三星),CL05B104KO5NNNC,C1525,2,2_2,passive,VDD,local decoupling,ordinary passive instantiated directly,,,,medium,"capacitor with ESR, leakage, ESL and optional DC-bias derating"
C42,100nF,JLCPCB:C_0402,SAMSUNG(三星),CL05B104KO5NNNC,C1525,1,1_1,passive,GNDREF,local decoupling,ordinary passive instantiated directly,,,,medium,"capacitor with ESR, leakage, ESL and optional DC-bias derating"
C42,100nF,JLCPCB:C_0402,SAMSUNG(三星),CL05B104KO5NNNC,C1525,2,2_2,passive,VDD,local decoupling,ordinary passive instantiated directly,,,,medium,"capacitor with ESR, leakage, ESL and optional DC-bias derating"
C43,100nF,JLCPCB:C_0402,SAMSUNG(三星),CL05B104KO5NNNC,C1525,1,1_1,passive,GNDREF,local decoupling,ordinary passive instantiated directly,,,,medium,"capacitor with ESR, leakage, ESL and optional DC-bias derating"
C43,100nF,JLCPCB:C_0402,SAMSUNG(三星),CL05B104KO5NNNC,C1525,2,2_2,passive,VDD,local decoupling,ordinary passive instantiated directly,,,,medium,"capacitor with ESR, leakage, ESL and optional DC-bias derating"
D1,TPD1E05U06DPYT,Maxime:X1SON-2_L1.0-W0.6-P0.65-RD-1,TI(德州仪器),TPD1E05U06DPYT,C1847651,1,I/O_1,passive,Vm_Ext,external membrane display/output,datasheet-derived electrical model,models/portable/lifeling_portable_models.lib,,,medium,portable fallback
D1,TPD1E05U06DPYT,Maxime:X1SON-2_L1.0-W0.6-P0.65-RD-1,TI(德州仪器),TPD1E05U06DPYT,C1847651,2,GND_2,passive,GNDREF,external membrane display/output,datasheet-derived electrical model,models/portable/lifeling_portable_models.lib,,,medium,portable fallback
D2,BAT54WS L9,SOD-323_L1.8-W1.3-LS2.5-RD,CJ(江苏长电/长晶),BAT54WS L9,C22629,1,K_1,passive,VDD,membrane leak and integration,datasheet-derived electrical model,models/portable/lifeling_portable_models.lib,,,medium,portable fallback
D2,BAT54WS L9,SOD-323_L1.8-W1.3-LS2.5-RD,CJ(江苏长电/长晶),BAT54WS L9,C22629,2,A_2,passive,Vm_Int,membrane leak and integration,datasheet-derived electrical model,models/portable/lifeling_portable_models.lib,,,medium,portable fallback
D3,BAT54WS L9,SOD-323_L1.8-W1.3-LS2.5-RD,CJ(江苏长电/长晶),BAT54WS L9,C22629,1,K_1,passive,Vm_Int,membrane leak and integration,datasheet-derived electrical model,models/portable/lifeling_portable_models.lib,,,medium,portable fallback
D3,BAT54WS L9,SOD-323_L1.8-W1.3-LS2.5-RD,CJ(江苏长电/长晶),BAT54WS L9,C22629,2,A_2,passive,GNDREF,membrane leak and integration,datasheet-derived electrical model,models/portable/lifeling_portable_models.lib,,,medium,portable fallback
D4,1N4148WS,Maxime:SOD-323_L1.8-W1.3-LS2.5-RD-1,ST(先科),1N4148WS,C57759,1,C_1,passive,/Vkick,adaptation,datasheet-derived electrical model,models/portable/lifeling_portable_models.lib,1N4148,A K,medium,installed comparison model; portable fallback selected
D4,1N4148WS,Maxime:SOD-323_L1.8-W1.3-LS2.5-RD-1,ST(先科),1N4148WS,C57759,2,A_2,passive,GNDREF,adaptation,datasheet-derived electrical model,models/portable/lifeling_portable_models.lib,1N4148,A K,medium,installed comparison model; portable fallback selected
D5,1N4148WS,Maxime:SOD-323_L1.8-W1.3-LS2.5-RD-1,ST(先科),1N4148WS,C57759,1,C_1,passive,Vw,adaptation,datasheet-derived electrical model,models/portable/lifeling_portable_models.lib,1N4148,A K,medium,installed comparison model; portable fallback selected
D5,1N4148WS,Maxime:SOD-323_L1.8-W1.3-LS2.5-RD-1,ST(先科),1N4148WS,C57759,2,A_2,passive,/Vkick,adaptation,datasheet-derived electrical model,models/portable/lifeling_portable_models.lib,1N4148,A K,medium,installed comparison model; portable fallback selected
D6,RB521S30T1G,Maxime:SOD-523_L1.2-W0.8-LS1.6-RD,onsemi(安森美),RB521S30T1G,C145179,1,C_1,passive,Vw,adaptation,datasheet-derived electrical model,models/portable/lifeling_portable_models.lib,,,medium,portable fallback
D6,RB521S30T1G,Maxime:SOD-523_L1.2-W0.8-LS1.6-RD,onsemi(安森美),RB521S30T1G,C145179,2,A_2,passive,Net-(D6-A),adaptation,datasheet-derived electrical model,models/portable/lifeling_portable_models.lib,,,medium,portable fallback
D7,1N4148WS,Maxime:SOD-323_L1.8-W1.3-LS2.5-RD-1,ST(先科),1N4148WS,C57759,1,C_1,passive,Vw,adaptation,datasheet-derived electrical model,models/portable/lifeling_portable_models.lib,1N4148,A K,medium,installed comparison model; portable fallback selected
D7,1N4148WS,Maxime:SOD-323_L1.8-W1.3-LS2.5-RD-1,ST(先科),1N4148WS,C57759,2,A_2,passive,GNDREF,adaptation,datasheet-derived electrical model,models/portable/lifeling_portable_models.lib,1N4148,A K,medium,installed comparison model; portable fallback selected
D8,RB521S30T1G,Maxime:SOD-523_L1.2-W0.8-LS1.6-RD,onsemi(安森美),RB521S30T1G,C145179,1,C_1,passive,Spike_Pulse,"threshold, AP, peak, reset and spike output",datasheet-derived electrical model,models/portable/lifeling_portable_models.lib,,,medium,portable fallback
D8,RB521S30T1G,Maxime:SOD-523_L1.2-W0.8-LS1.6-RD,onsemi(安森美),RB521S30T1G,C145179,2,A_2,passive,/Rising_AP,"threshold, AP, peak, reset and spike output",datasheet-derived electrical model,models/portable/lifeling_portable_models.lib,,,medium,portable fallback
D9,19-237/R6GHBHC-A01/2T,Maxime:LED-SMD_4P-L1.6-W1.6-19-237A-BHR6GHC-A01-2T,EVERLIGHT(亿光),19-237/R6GHBHC-A01/2T,C60105,1,R-_1,passive,Net-(D9-R-),miscellaneous schematic support,datasheet-derived electrical model,models/portable/lifeling_portable_models.lib,,,medium,portable fallback
D9,19-237/R6GHBHC-A01/2T,Maxime:LED-SMD_4P-L1.6-W1.6-19-237A-BHR6GHC-A01-2T,EVERLIGHT(亿光),19-237/R6GHBHC-A01/2T,C60105,2,G-_2,passive,Net-(D9-G-),miscellaneous schematic support,datasheet-derived electrical model,models/portable/lifeling_portable_models.lib,,,medium,portable fallback
D9,19-237/R6GHBHC-A01/2T,Maxime:LED-SMD_4P-L1.6-W1.6-19-237A-BHR6GHC-A01-2T,EVERLIGHT(亿光),19-237/R6GHBHC-A01/2T,C60105,3,B-_3,passive,Net-(D9-B-),miscellaneous schematic support,datasheet-derived electrical model,models/portable/lifeling_portable_models.lib,,,medium,portable fallback
D9,19-237/R6GHBHC-A01/2T,Maxime:LED-SMD_4P-L1.6-W1.6-19-237A-BHR6GHC-A01-2T,EVERLIGHT(亿光),19-237/R6GHBHC-A01/2T,C60105,4,+_4,passive,VDD,miscellaneous schematic support,datasheet-derived electrical model,models/portable/lifeling_portable_models.lib,,,medium,portable fallback
D10,BAT54WS L9,SOD-323_L1.8-W1.3-LS2.5-RD,CJ(江苏长电/长晶),BAT54WS L9,C22629,1,K_1,passive,VDD,miscellaneous schematic support,datasheet-derived electrical model,models/portable/lifeling_portable_models.lib,,,medium,portable fallback
D10,BAT54WS L9,SOD-323_L1.8-W1.3-LS2.5-RD,CJ(江苏长电/长晶),BAT54WS L9,C22629,2,A_2,passive,Net-(D10-A),miscellaneous schematic support,datasheet-derived electrical model,models/portable/lifeling_portable_models.lib,,,medium,portable fallback
D11,BAT54WS L9,SOD-323_L1.8-W1.3-LS2.5-RD,CJ(江苏长电/长晶),BAT54WS L9,C22629,1,K_1,passive,Net-(D10-A),miscellaneous schematic support,datasheet-derived electrical model,models/portable/lifeling_portable_models.lib,,,medium,portable fallback
D11,BAT54WS L9,SOD-323_L1.8-W1.3-LS2.5-RD,CJ(江苏长电/长晶),BAT54WS L9,C22629,2,A_2,passive,GNDREF,miscellaneous schematic support,datasheet-derived electrical model,models/portable/lifeling_portable_models.lib,,,medium,portable fallback
D12,BAT54WS L9,SOD-323_L1.8-W1.3-LS2.5-RD,CJ(江苏长电/长晶),BAT54WS L9,C22629,1,K_1,passive,VDD,miscellaneous schematic support,datasheet-derived electrical model,models/portable/lifeling_portable_models.lib,,,medium,portable fallback
D12,BAT54WS L9,SOD-323_L1.8-W1.3-LS2.5-RD,CJ(江苏长电/长晶),BAT54WS L9,C22629,2,A_2,passive,Net-(D12-A),miscellaneous schematic support,datasheet-derived electrical model,models/portable/lifeling_portable_models.lib,,,medium,portable fallback
D13,BAT54WS L9,SOD-323_L1.8-W1.3-LS2.5-RD,CJ(江苏长电/长晶),BAT54WS L9,C22629,1,K_1,passive,Net-(D12-A),miscellaneous schematic support,datasheet-derived electrical model,models/portable/lifeling_portable_models.lib,,,medium,portable fallback
D13,BAT54WS L9,SOD-323_L1.8-W1.3-LS2.5-RD,CJ(江苏长电/长晶),BAT54WS L9,C22629,2,A_2,passive,GNDREF,miscellaneous schematic support,datasheet-derived electrical model,models/portable/lifeling_portable_models.lib,,,medium,portable fallback
D14,BAT54WS L9,SOD-323_L1.8-W1.3-LS2.5-RD,CJ(江苏长电/长晶),BAT54WS L9,C22629,1,K_1,passive,VDD,miscellaneous schematic support,datasheet-derived electrical model,models/portable/lifeling_portable_models.lib,,,medium,portable fallback
D14,BAT54WS L9,SOD-323_L1.8-W1.3-LS2.5-RD,CJ(江苏长电/长晶),BAT54WS L9,C22629,2,A_2,passive,Net-(D14-A),miscellaneous schematic support,datasheet-derived electrical model,models/portable/lifeling_portable_models.lib,,,medium,portable fallback
D15,BAT54WS L9,SOD-323_L1.8-W1.3-LS2.5-RD,CJ(江苏长电/长晶),BAT54WS L9,C22629,1,K_1,passive,Net-(D14-A),miscellaneous schematic support,datasheet-derived electrical model,models/portable/lifeling_portable_models.lib,,,medium,portable fallback
D15,BAT54WS L9,SOD-323_L1.8-W1.3-LS2.5-RD,CJ(江苏长电/长晶),BAT54WS L9,C22629,2,A_2,passive,GNDREF,miscellaneous schematic support,datasheet-derived electrical model,models/portable/lifeling_portable_models.lib,,,medium,portable fallback
D16,BAT54WS L9,SOD-323_L1.8-W1.3-LS2.5-RD,CJ(江苏长电/长晶),BAT54WS L9,C22629,1,K_1,passive,VDD,miscellaneous schematic support,datasheet-derived electrical model,models/portable/lifeling_portable_models.lib,,,medium,portable fallback
D16,BAT54WS L9,SOD-323_L1.8-W1.3-LS2.5-RD,CJ(江苏长电/长晶),BAT54WS L9,C22629,2,A_2,passive,Net-(D16-A),miscellaneous schematic support,datasheet-derived electrical model,models/portable/lifeling_portable_models.lib,,,medium,portable fallback
D17,BAT54WS L9,SOD-323_L1.8-W1.3-LS2.5-RD,CJ(江苏长电/长晶),BAT54WS L9,C22629,1,K_1,passive,Net-(D16-A),miscellaneous schematic support,datasheet-derived electrical model,models/portable/lifeling_portable_models.lib,,,medium,portable fallback
D17,BAT54WS L9,SOD-323_L1.8-W1.3-LS2.5-RD,CJ(江苏长电/长晶),BAT54WS L9,C22629,2,A_2,passive,GNDREF,miscellaneous schematic support,datasheet-derived electrical model,models/portable/lifeling_portable_models.lib,,,medium,portable fallback
D18,TPD1E05U06DPYT,X1SON-2_L1.0-W0.6-P0.65-RD,TI(德州仪器),TPD1E05U06DPYT,C1847651,1,I/O_1,passive,Spike_Out,"threshold, AP, peak, reset and spike output",datasheet-derived electrical model,models/portable/lifeling_portable_models.lib,,,medium,portable fallback
D18,TPD1E05U06DPYT,X1SON-2_L1.0-W0.6-P0.65-RD,TI(德州仪器),TPD1E05U06DPYT,C1847651,2,GND_2,passive,GNDREF,"threshold, AP, peak, reset and spike output",datasheet-derived electrical model,models/portable/lifeling_portable_models.lib,,,medium,portable fallback
D19,TPD1E05U06DPYT,Maxime:X1SON-2_L1.0-W0.6-P0.65-RD-1,TI(德州仪器),TPD1E05U06DPYT,C1847651,1,I/O_1,passive,Stimulus_Ext,external stimulus,datasheet-derived electrical model,models/portable/lifeling_portable_models.lib,,,medium,portable fallback
D19,TPD1E05U06DPYT,Maxime:X1SON-2_L1.0-W0.6-P0.65-RD-1,TI(德州仪器),TPD1E05U06DPYT,C1847651,2,GND_2,passive,GNDREF,external stimulus,datasheet-derived electrical model,models/portable/lifeling_portable_models.lib,,,medium,portable fallback
D20,RB521S30T1G,Maxime:SOD-523_L1.2-W0.8-LS1.6-RD,onsemi(安森美),RB521S30T1G,C145179,1,C_1,passive,Spike_Pulse,"threshold, AP, peak, reset and spike output",datasheet-derived electrical model,models/portable/lifeling_portable_models.lib,,,medium,portable fallback
D20,RB521S30T1G,Maxime:SOD-523_L1.2-W0.8-LS1.6-RD,onsemi(安森美),RB521S30T1G,C145179,2,A_2,passive,GNDREF,"threshold, AP, peak, reset and spike output",datasheet-derived electrical model,models/portable/lifeling_portable_models.lib,,,medium,portable fallback
D21,BAT54WS L9,SOD-323_L1.8-W1.3-LS2.5-RD,CJ(江苏长电/长晶),BAT54WS L9,C22629,1,K_1,passive,VDD,external membrane display/output,datasheet-derived electrical model,models/portable/lifeling_portable_models.lib,,,medium,portable fallback
D21,BAT54WS L9,SOD-323_L1.8-W1.3-LS2.5-RD,CJ(江苏长电/长晶),BAT54WS L9,C22629,2,A_2,passive,Vm_Display_In,external membrane display/output,datasheet-derived electrical model,models/portable/lifeling_portable_models.lib,,,medium,portable fallback
D22,BAT54WS L9,SOD-323_L1.8-W1.3-LS2.5-RD,CJ(江苏长电/长晶),BAT54WS L9,C22629,1,K_1,passive,Vm_Display_In,external membrane display/output,datasheet-derived electrical model,models/portable/lifeling_portable_models.lib,,,medium,portable fallback
D22,BAT54WS L9,SOD-323_L1.8-W1.3-LS2.5-RD,CJ(江苏长电/长晶),BAT54WS L9,C22629,2,A_2,passive,GNDREF,external membrane display/output,datasheet-derived electrical model,models/portable/lifeling_portable_models.lib,,,medium,portable fallback
H1,MountingHole,MountingHole:MountingHole_2.2mm_M2,,,,,,,,local decoupling,mechanical-only,,,,high,mounting hole; deliberately omitted electrically
H2,MountingHole,MountingHole:MountingHole_2.2mm_M2,,,,,,,,local decoupling,mechanical-only,,,,high,mounting hole; deliberately omitted electrically
H3,MountingHole,MountingHole:MountingHole_2.2mm_M2,,,,,,,,local decoupling,mechanical-only,,,,high,mounting hole; deliberately omitted electrically
H4,MountingHole,MountingHole:MountingHole_2.2mm_M2,,,,,,,,local decoupling,mechanical-only,,,,high,mounting hole; deliberately omitted electrically
H5,MountingHole,MountingHole:MountingHole_2.2mm_M2,,,,,,,,local decoupling,mechanical-only,,,,high,mounting hole; deliberately omitted electrically
H6,MountingHole,MountingHole:MountingHole_2.2mm_M2,,,,,,,,local decoupling,mechanical-only,,,,high,mounting hole; deliberately omitted electrically
J1,Stim_Ext,AUDIO-SMD_HX-PJ-320A-3P-DIP,hanxia(韩下),HX PJ-320A-3P DIP,C19189087,1,1_1,passive,Vm_Ext,external stimulus,connector or external terminal,,,,high,physical pins retained as external nets
J1,Stim_Ext,AUDIO-SMD_HX-PJ-320A-3P-DIP,hanxia(韩下),HX PJ-320A-3P DIP,C19189087,2,2_2,passive,Stimulus_Ext,external stimulus,connector or external terminal,,,,high,physical pins retained as external nets
J1,Stim_Ext,AUDIO-SMD_HX-PJ-320A-3P-DIP,hanxia(韩下),HX PJ-320A-3P DIP,C19189087,3,3_3,passive,GNDREF,external stimulus,connector or external terminal,,,,high,physical pins retained as external nets
J2,Axon_Output,AUDIO-SMD_HX-PJ-320A-3P-DIP,hanxia(韩下),HX PJ-320A-3P DIP,C19189087,1,1_1,passive,Vm_Ext,"threshold, AP, peak, reset and spike output",connector or external terminal,,,,high,physical pins retained as external nets
J2,Axon_Output,AUDIO-SMD_HX-PJ-320A-3P-DIP,hanxia(韩下),HX PJ-320A-3P DIP,C19189087,2,2_2,passive,Spike_Out,"threshold, AP, peak, reset and spike output",connector or external terminal,,,,high,physical pins retained as external nets
J2,Axon_Output,AUDIO-SMD_HX-PJ-320A-3P-DIP,hanxia(韩下),HX PJ-320A-3P DIP,C19189087,3,3_3,passive,GNDREF,"threshold, AP, peak, reset and spike output",connector or external terminal,,,,high,physical pins retained as external nets
J3,Syn1_Input,AUDIO-SMD_HX-PJ-320A-3P-DIP,hanxia(韩下),HX PJ-320A-3P DIP,C19189087,1,1_1,passive+no_connect,unconnected-(J3-Pad1),signed synapses,connector or external terminal,,,,high,physical pins retained as external nets
J3,Syn1_Input,AUDIO-SMD_HX-PJ-320A-3P-DIP,hanxia(韩下),HX PJ-320A-3P DIP,C19189087,2,2_2,passive,Syn1_Spike,signed synapses,connector or external terminal,,,,high,physical pins retained as external nets
J3,Syn1_Input,AUDIO-SMD_HX-PJ-320A-3P-DIP,hanxia(韩下),HX PJ-320A-3P DIP,C19189087,3,3_3,passive,GNDREF,signed synapses,connector or external terminal,,,,high,physical pins retained as external nets
J4,Syn2_Input,AUDIO-SMD_HX-PJ-320A-3P-DIP,hanxia(韩下),HX PJ-320A-3P DIP,C19189087,1,1_1,passive+no_connect,unconnected-(J4-Pad1),signed synapses,connector or external terminal,,,,high,physical pins retained as external nets
J4,Syn2_Input,AUDIO-SMD_HX-PJ-320A-3P-DIP,hanxia(韩下),HX PJ-320A-3P DIP,C19189087,2,2_2,passive,Syn2_Spike,signed synapses,connector or external terminal,,,,high,physical pins retained as external nets
J4,Syn2_Input,AUDIO-SMD_HX-PJ-320A-3P-DIP,hanxia(韩下),HX PJ-320A-3P DIP,C19189087,3,3_3,passive,GNDREF,signed synapses,connector or external terminal,,,,high,physical pins retained as external nets
J5,Syn3_Input,AUDIO-SMD_HX-PJ-320A-3P-DIP,hanxia(韩下),HX PJ-320A-3P DIP,C19189087,1,1_1,passive+no_connect,unconnected-(J5-Pad1),signed synapses,connector or external terminal,,,,high,physical pins retained as external nets
J5,Syn3_Input,AUDIO-SMD_HX-PJ-320A-3P-DIP,hanxia(韩下),HX PJ-320A-3P DIP,C19189087,2,2_2,passive,Syn3_Spike,signed synapses,connector or external terminal,,,,high,physical pins retained as external nets
J5,Syn3_Input,AUDIO-SMD_HX-PJ-320A-3P-DIP,hanxia(韩下),HX PJ-320A-3P DIP,C19189087,3,3_3,passive,GNDREF,signed synapses,connector or external terminal,,,,high,physical pins retained as external nets
J6,Syn4_Input,AUDIO-SMD_HX-PJ-320A-3P-DIP,hanxia(韩下),HX PJ-320A-3P DIP,C19189087,1,1_1,passive+no_connect,unconnected-(J6-Pad1),signed synapses,connector or external terminal,,,,high,physical pins retained as external nets
J6,Syn4_Input,AUDIO-SMD_HX-PJ-320A-3P-DIP,hanxia(韩下),HX PJ-320A-3P DIP,C19189087,2,2_2,passive,Syn4_Spike,signed synapses,connector or external terminal,,,,high,physical pins retained as external nets
J6,Syn4_Input,AUDIO-SMD_HX-PJ-320A-3P-DIP,hanxia(韩下),HX PJ-320A-3P DIP,C19189087,3,3_3,passive,GNDREF,signed synapses,connector or external terminal,,,,high,physical pins retained as external nets
L1,2.2uH,Maxime:IND-SMD_L3.0-W3.0_SMNR3015,APV(爱普微),ANR3015T2R2M,C6364793,1,1_1,passive,VDD,power and precision references,datasheet-derived electrical model,,,,medium,inductance plus DCR/parasitic capacitance; saturation checked numerically
L1,2.2uH,Maxime:IND-SMD_L3.0-W3.0_SMNR3015,APV(爱普微),ANR3015T2R2M,C6364793,2,2_2,passive,Net-(U7-SW),power and precision references,datasheet-derived electrical model,,,,medium,inductance plus DCR/parasitic capacitance; saturation checked numerically
Q1,BSS138,SOT-23-3_L2.9-W1.6-P1.90-LS2.8-BR,onsemi(安森美),BSS138,C52895,1,G_1,passive,/AP_Gate,"threshold, AP, peak, reset and spike output",datasheet-derived electrical model,models/portable/lifeling_portable_models.lib,,,medium,portable fallback
Q1,BSS138,SOT-23-3_L2.9-W1.6-P1.90-LS2.8-BR,onsemi(安森美),BSS138,C52895,2,S_2,passive,GNDREF,"threshold, AP, peak, reset and spike output",datasheet-derived electrical model,models/portable/lifeling_portable_models.lib,,,medium,portable fallback
Q1,BSS138,SOT-23-3_L2.9-W1.6-P1.90-LS2.8-BR,onsemi(安森美),BSS138,C52895,3,D_3,passive,AP,"threshold, AP, peak, reset and spike output",datasheet-derived electrical model,models/portable/lifeling_portable_models.lib,,,medium,portable fallback
Q2,MMBT3904,SOT-23-3_L2.9-W1.6-P1.90-LS2.8-BR,Hottech(合科泰),MMBT3904,C181119,1,1_1,passive,/Adapt_Base,miscellaneous schematic support,datasheet-derived electrical model,models/portable/lifeling_portable_models.lib,,,medium,installed comparison model; portable fallback selected
Q2,MMBT3904,SOT-23-3_L2.9-W1.6-P1.90-LS2.8-BR,Hottech(合科泰),MMBT3904,C181119,2,2_2,passive,GNDREF,miscellaneous schematic support,datasheet-derived electrical model,models/portable/lifeling_portable_models.lib,,,medium,installed comparison model; portable fallback selected
Q2,MMBT3904,SOT-23-3_L2.9-W1.6-P1.90-LS2.8-BR,Hottech(合科泰),MMBT3904,C181119,3,3_3,passive,/Adapt_Current_Sink,miscellaneous schematic support,datasheet-derived electrical model,models/portable/lifeling_portable_models.lib,,,medium,installed comparison model; portable fallback selected
Q3,BSS138,SOT-23-3_L2.9-W1.6-P1.90-LS2.8-BR,onsemi(安森美),BSS138,C52895,1,G_1,passive,AP,"threshold, AP, peak, reset and spike output",datasheet-derived electrical model,models/portable/lifeling_portable_models.lib,,,medium,portable fallback
Q3,BSS138,SOT-23-3_L2.9-W1.6-P1.90-LS2.8-BR,onsemi(安森美),BSS138,C52895,2,S_2,passive,GNDREF,"threshold, AP, peak, reset and spike output",datasheet-derived electrical model,models/portable/lifeling_portable_models.lib,,,medium,portable fallback
Q3,BSS138,SOT-23-3_L2.9-W1.6-P1.90-LS2.8-BR,onsemi(安森美),BSS138,C52895,3,D_3,passive,/Reset_Timer_Discharge,"threshold, AP, peak, reset and spike output",datasheet-derived electrical model,models/portable/lifeling_portable_models.lib,,,medium,portable fallback
Q4,BSS138,SOT-23-3_L2.9-W1.6-P1.90-LS2.8-BR,onsemi(安森美),BSS138,C52895,1,G_1,passive,Peak_Window,"threshold, AP, peak, reset and spike output",datasheet-derived electrical model,models/portable/lifeling_portable_models.lib,,,medium,portable fallback
Q4,BSS138,SOT-23-3_L2.9-W1.6-P1.90-LS2.8-BR,onsemi(安森美),BSS138,C52895,2,S_2,passive,GNDREF,"threshold, AP, peak, reset and spike output",datasheet-derived electrical model,models/portable/lifeling_portable_models.lib,,,medium,portable fallback
Q4,BSS138,SOT-23-3_L2.9-W1.6-P1.90-LS2.8-BR,onsemi(安森美),BSS138,C52895,3,D_3,passive,/Reset_Injection_Enable,"threshold, AP, peak, reset and spike output",datasheet-derived electrical model,models/portable/lifeling_portable_models.lib,,,medium,portable fallback
Q5,BSS138,SOT-23-3_L2.9-W1.6-P1.90-LS2.8-BR,onsemi(安森美),BSS138,C52895,1,G_1,passive,/Reset_Injection_Enable,miscellaneous schematic support,datasheet-derived electrical model,models/portable/lifeling_portable_models.lib,,,medium,portable fallback
Q5,BSS138,SOT-23-3_L2.9-W1.6-P1.90-LS2.8-BR,onsemi(安森美),BSS138,C52895,2,S_2,passive,/Reset_Injection_Drive,miscellaneous schematic support,datasheet-derived electrical model,models/portable/lifeling_portable_models.lib,,,medium,portable fallback
Q5,BSS138,SOT-23-3_L2.9-W1.6-P1.90-LS2.8-BR,onsemi(安森美),BSS138,C52895,3,D_3,passive,/Reset_Switch_Mid,miscellaneous schematic support,datasheet-derived electrical model,models/portable/lifeling_portable_models.lib,,,medium,portable fallback
Q6,BSS138,SOT-23-3_L2.9-W1.6-P1.90-LS2.8-BR,onsemi(安森美),BSS138,C52895,1,G_1,passive,Reset_Window,"threshold, AP, peak, reset and spike output",datasheet-derived electrical model,models/portable/lifeling_portable_models.lib,,,medium,portable fallback
Q6,BSS138,SOT-23-3_L2.9-W1.6-P1.90-LS2.8-BR,onsemi(安森美),BSS138,C52895,2,S_2,passive,/Reset_Switch_Mid,"threshold, AP, peak, reset and spike output",datasheet-derived electrical model,models/portable/lifeling_portable_models.lib,,,medium,portable fallback
Q6,BSS138,SOT-23-3_L2.9-W1.6-P1.90-LS2.8-BR,onsemi(安森美),BSS138,C52895,3,D_3,passive,/Reset_Gated_Drive,"threshold, AP, peak, reset and spike output",datasheet-derived electrical model,models/portable/lifeling_portable_models.lib,,,medium,portable fallback
Q7,BSS138,SOT-23-3_L2.9-W1.6-P1.90-LS2.8-BR,onsemi(安森美),BSS138,C52895,1,G_1,passive,Reset_Window,"threshold, AP, peak, reset and spike output",datasheet-derived electrical model,models/portable/lifeling_portable_models.lib,,,medium,portable fallback
Q7,BSS138,SOT-23-3_L2.9-W1.6-P1.90-LS2.8-BR,onsemi(安森美),BSS138,C52895,2,S_2,passive,GNDREF,"threshold, AP, peak, reset and spike output",datasheet-derived electrical model,models/portable/lifeling_portable_models.lib,,,medium,portable fallback
Q7,BSS138,SOT-23-3_L2.9-W1.6-P1.90-LS2.8-BR,onsemi(安森美),BSS138,C52895,3,D_3,passive,Net-(Q7-D),"threshold, AP, peak, reset and spike output",datasheet-derived electrical model,models/portable/lifeling_portable_models.lib,,,medium,portable fallback
Q8,MMBT3904,SOT-23-3_L2.9-W1.6-P1.90-LS2.8-BR,Hottech(合科泰),MMBT3904,C181119,1,1_1,passive,Net-(Q8-Pad1),miscellaneous schematic support,datasheet-derived electrical model,models/portable/lifeling_portable_models.lib,,,medium,installed comparison model; portable fallback selected
Q8,MMBT3904,SOT-23-3_L2.9-W1.6-P1.90-LS2.8-BR,Hottech(合科泰),MMBT3904,C181119,2,2_2,passive,GNDREF,miscellaneous schematic support,datasheet-derived electrical model,models/portable/lifeling_portable_models.lib,,,medium,installed comparison model; portable fallback selected
Q8,MMBT3904,SOT-23-3_L2.9-W1.6-P1.90-LS2.8-BR,Hottech(合科泰),MMBT3904,C181119,3,3_3,passive,Net-(Q8-Pad3),miscellaneous schematic support,datasheet-derived electrical model,models/portable/lifeling_portable_models.lib,,,medium,installed comparison model; portable fallback selected
R1,10Ω,JLCPCB:R_0402,FOJAN(富捷),FRC0402F10R0TS,C2906862,1,1_1,passive,Net-(U7-VOUT),power and precision references,ordinary passive instantiated directly,,,,high,direct resistor with tolerance support
R1,10Ω,JLCPCB:R_0402,FOJAN(富捷),FRC0402F10R0TS,C2906862,2,2_2,passive,V_Boost,power and precision references,ordinary passive instantiated directly,,,,high,direct resistor with tolerance support
R2,220Ω,JLCPCB:R_0402,YAGEO(国巨),RC0402FR-07220RL,C112291,1,1_1,passive,Vm_Out_DRV,external membrane display/output,ordinary passive instantiated directly,,,,high,direct resistor with tolerance support
R2,220Ω,JLCPCB:R_0402,YAGEO(国巨),RC0402FR-07220RL,C112291,2,2_2,passive,Vm_Ext,external membrane display/output,ordinary passive instantiated directly,,,,high,direct resistor with tolerance support
R3,10kΩ,JLCPCB:R_0402,YAGEO(国巨),RC0402FR-0710KL,C60490,1,1_1,passive,Vm_FB,external membrane display/output,ordinary passive instantiated directly,,,,high,direct resistor with tolerance support
R3,10kΩ,JLCPCB:R_0402,YAGEO(国巨),RC0402FR-0710KL,C60490,2,2_2,passive,Vm_Out_DRV,external membrane display/output,ordinary passive instantiated directly,,,,high,direct resistor with tolerance support
R4,100kΩ,JLCPCB:R_0402,YAGEO(国巨),RC0402FR-07100KL,C60491,1,1_1,passive,GNDREF,external membrane display/output,ordinary passive instantiated directly,,,,high,direct resistor with tolerance support
R4,100kΩ,JLCPCB:R_0402,YAGEO(国巨),RC0402FR-07100KL,C60491,2,2_2,passive,Vm_FB,external membrane display/output,ordinary passive instantiated directly,,,,high,direct resistor with tolerance support
R5,220kΩ,JLCPCB:R_0402,YAGEO(国巨),RC0402FR-07220KL,C138030,1,1_1,passive,VREF_1V024_RAW,power and precision references,ordinary passive instantiated directly,,,,high,direct resistor with tolerance support
R5,220kΩ,JLCPCB:R_0402,YAGEO(国巨),RC0402FR-07220KL,C138030,2,2_2,passive,VREF_2V048,power and precision references,ordinary passive instantiated directly,,,,high,direct resistor with tolerance support
R6,220kΩ,JLCPCB:R_0402,YAGEO(国巨),RC0402FR-07220KL,C138030,1,1_1,passive,GNDREF,miscellaneous schematic support,ordinary passive instantiated directly,,,,high,direct resistor with tolerance support
R6,220kΩ,JLCPCB:R_0402,YAGEO(国巨),RC0402FR-07220KL,C138030,2,2_2,passive,VREF_1V024_RAW,miscellaneous schematic support,ordinary passive instantiated directly,,,,high,direct resistor with tolerance support
R7,20kΩ,JLCPCB:R_0402,UNI-ROYAL(厚声),0402WGF2432TCE,C25765,1,1_1,passive,V_Threshold,power and precision references,ordinary passive instantiated directly,,,,high,direct resistor with tolerance support
R7,20kΩ,JLCPCB:R_0402,UNI-ROYAL(厚声),0402WGF2432TCE,C25765,2,2_2,passive,VREF_1V024,power and precision references,ordinary passive instantiated directly,,,,high,direct resistor with tolerance support
R8,100kΩ,JLCPCB:R_0402,YAGEO(国巨),RC0402FR-07100KL,C60491,1,1_1,passive,V_Threshold,membrane leak and integration,ordinary passive instantiated directly,,,,high,direct resistor with tolerance support
R8,100kΩ,JLCPCB:R_0402,YAGEO(国巨),RC0402FR-07100KL,C60491,2,2_2,passive,GNDREF,membrane leak and integration,ordinary passive instantiated directly,,,,high,direct resistor with tolerance support
R9,100kΩ,JLCPCB:R_0402,YAGEO(国巨),RC0402FR-07100KL,C60491,1,1_1,passive,VREF_1V024,power and precision references,ordinary passive instantiated directly,,,,high,direct resistor with tolerance support
R9,100kΩ,JLCPCB:R_0402,YAGEO(国巨),RC0402FR-07100KL,C60491,2,2_2,passive,V_Reset_Ref,power and precision references,ordinary passive instantiated directly,,,,high,direct resistor with tolerance support
R10,56kΩ,JLCPCB:R_0402,FOJAN,FRC0402F5602TS,C2906875,1,1_1,passive,GNDREF,miscellaneous schematic support,ordinary passive instantiated directly,,,,high,direct resistor with tolerance support
R10,56kΩ,JLCPCB:R_0402,FOJAN,FRC0402F5602TS,C2906875,2,2_2,passive,V_Reset_Ref,miscellaneous schematic support,ordinary passive instantiated directly,,,,high,direct resistor with tolerance support
R11,100kΩ,JLCPCB:R_0402,YAGEO(国巨),RC0402FR-07100KL,C60491,1,1_1,passive,VDD,miscellaneous schematic support,ordinary passive instantiated directly,,,,high,direct resistor with tolerance support
R11,100kΩ,JLCPCB:R_0402,YAGEO(国巨),RC0402FR-07100KL,C60491,2,2_2,passive,V_Peak_Ref,miscellaneous schematic support,ordinary passive instantiated directly,,,,high,direct resistor with tolerance support
R12,1MΩ,JLCPCB:R_0402,YAGEO(国巨),RC0402FR-071ML,C138033,1,1_1,passive,GNDREF,miscellaneous schematic support,ordinary passive instantiated directly,,,,high,direct resistor with tolerance support
R12,1MΩ,JLCPCB:R_0402,YAGEO(国巨),RC0402FR-071ML,C138033,2,2_2,passive,V_Peak_Ref,miscellaneous schematic support,ordinary passive instantiated directly,,,,high,direct resistor with tolerance support
R13,220kΩ,JLCPCB:R_0402,YAGEO(国巨),RC0402FR-07220KL,C138030,1,1_1,passive,V_Logic_Mid,miscellaneous schematic support,ordinary passive instantiated directly,,,,high,direct resistor with tolerance support
R13,220kΩ,JLCPCB:R_0402,YAGEO(国巨),RC0402FR-07220KL,C138030,2,2_2,passive,VDD,miscellaneous schematic support,ordinary passive instantiated directly,,,,high,direct resistor with tolerance support
R14,220kΩ,JLCPCB:R_0402,YAGEO(国巨),RC0402FR-07220KL,C138030,1,1_1,passive,GNDREF,miscellaneous schematic support,ordinary passive instantiated directly,,,,high,direct resistor with tolerance support
R14,220kΩ,JLCPCB:R_0402,YAGEO(国巨),RC0402FR-07220KL,C138030,2,2_2,passive,V_Logic_Mid,miscellaneous schematic support,ordinary passive instantiated directly,,,,high,direct resistor with tolerance support
R15,100kΩ,JLCPCB:R_0402,YAGEO(国巨),RC0402FR-07100KL,C60491,1,1_1,passive,Vm_Display_In,membrane leak and integration,ordinary passive instantiated directly,,,,high,direct resistor with tolerance support
R15,100kΩ,JLCPCB:R_0402,YAGEO(国巨),RC0402FR-07100KL,C60491,2,2_2,passive,Vm_Int,membrane leak and integration,ordinary passive instantiated directly,,,,high,direct resistor with tolerance support
R16,10kΩ,JLCPCB:R_0402,YAGEO(国巨),RC0402FR-0710KL,C60490,1,1_1,passive,Net-(U20-NO),miscellaneous schematic support,ordinary passive instantiated directly,,,,high,direct resistor with tolerance support
R16,10kΩ,JLCPCB:R_0402,YAGEO(国巨),RC0402FR-0710KL,C60490,2,2_2,passive,V_Peak_Drive,miscellaneous schematic support,ordinary passive instantiated directly,,,,high,direct resistor with tolerance support
R17,100kΩ,JLCPCB:R_0402,YAGEO(国巨),RC0402FR-07100KL,C60491,1,1_1,passive,VDD,membrane capacitance selector,ordinary passive instantiated directly,,,,high,direct resistor with tolerance support
R17,100kΩ,JLCPCB:R_0402,YAGEO(国巨),RC0402FR-07100KL,C60491,2,2_2,passive,T4,membrane capacitance selector,ordinary passive instantiated directly,,,,high,direct resistor with tolerance support
R18,100kΩ,JLCPCB:R_0402,YAGEO(国巨),RC0402FR-07100KL,C60491,1,1_1,passive,T4,membrane capacitance selector,ordinary passive instantiated directly,,,,high,direct resistor with tolerance support
R18,100kΩ,JLCPCB:R_0402,YAGEO(国巨),RC0402FR-07100KL,C60491,2,2_2,passive,T3,membrane capacitance selector,ordinary passive instantiated directly,,,,high,direct resistor with tolerance support
R19,100kΩ,JLCPCB:R_0402,YAGEO(国巨),RC0402FR-07100KL,C60491,1,1_1,passive,T3,membrane capacitance selector,ordinary passive instantiated directly,,,,high,direct resistor with tolerance support
R19,100kΩ,JLCPCB:R_0402,YAGEO(国巨),RC0402FR-07100KL,C60491,2,2_2,passive,T2,membrane capacitance selector,ordinary passive instantiated directly,,,,high,direct resistor with tolerance support
R20,100kΩ,JLCPCB:R_0402,YAGEO(国巨),RC0402FR-07100KL,C60491,1,1_1,passive,T2,membrane capacitance selector,ordinary passive instantiated directly,,,,high,direct resistor with tolerance support
R20,100kΩ,JLCPCB:R_0402,YAGEO(国巨),RC0402FR-07100KL,C60491,2,2_2,passive,T1,membrane capacitance selector,ordinary passive instantiated directly,,,,high,direct resistor with tolerance support
R21,100kΩ,JLCPCB:R_0402,YAGEO(国巨),RC0402FR-07100KL,C60491,1,1_1,passive,T1,membrane capacitance selector,ordinary passive instantiated directly,,,,high,direct resistor with tolerance support
R21,100kΩ,JLCPCB:R_0402,YAGEO(国巨),RC0402FR-07100KL,C60491,2,2_2,passive,GNDREF,membrane capacitance selector,ordinary passive instantiated directly,,,,high,direct resistor with tolerance support
R22,100kΩ,JLCPCB:R_0402,YAGEO(国巨),RC0402FR-07100KL,C60491,1,1_1,passive,VDD,membrane capacitance selector,ordinary passive instantiated directly,,,,high,direct resistor with tolerance support
R22,100kΩ,JLCPCB:R_0402,YAGEO(国巨),RC0402FR-07100KL,C60491,2,2_2,passive,S0,membrane capacitance selector,ordinary passive instantiated directly,,,,high,direct resistor with tolerance support
R23,1MΩ,JLCPCB:R_0402,YAGEO(国巨),RC0402FR-071ML,C138033,1,1_1,passive,T1,membrane capacitance selector,ordinary passive instantiated directly,,,,high,direct resistor with tolerance support
R23,1MΩ,JLCPCB:R_0402,YAGEO(国巨),RC0402FR-071ML,C138033,2,2_2,passive,S0,membrane capacitance selector,ordinary passive instantiated directly,,,,high,direct resistor with tolerance support
R24,100kΩ,JLCPCB:R_0402,YAGEO(国巨),RC0402FR-07100KL,C60491,1,1_1,passive,VDD,membrane capacitance selector,ordinary passive instantiated directly,,,,high,direct resistor with tolerance support
R24,100kΩ,JLCPCB:R_0402,YAGEO(国巨),RC0402FR-07100KL,C60491,2,2_2,passive,S1,membrane capacitance selector,ordinary passive instantiated directly,,,,high,direct resistor with tolerance support
R25,1MΩ,JLCPCB:R_0402,YAGEO(国巨),RC0402FR-071ML,C138033,1,1_1,passive,T1,membrane capacitance selector,ordinary passive instantiated directly,,,,high,direct resistor with tolerance support
R25,1MΩ,JLCPCB:R_0402,YAGEO(国巨),RC0402FR-071ML,C138033,2,2_2,passive,S1,membrane capacitance selector,ordinary passive instantiated directly,,,,high,direct resistor with tolerance support
R26,1MΩ,JLCPCB:R_0402,YAGEO(国巨),RC0402FR-071ML,C138033,1,1_1,passive,T2,membrane capacitance selector,ordinary passive instantiated directly,,,,high,direct resistor with tolerance support
R26,1MΩ,JLCPCB:R_0402,YAGEO(国巨),RC0402FR-071ML,C138033,2,2_2,passive,S1,membrane capacitance selector,ordinary passive instantiated directly,,,,high,direct resistor with tolerance support
R27,100kΩ,JLCPCB:R_0402,YAGEO(国巨),RC0402FR-07100KL,C60491,1,1_1,passive,VDD,membrane capacitance selector,ordinary passive instantiated directly,,,,high,direct resistor with tolerance support
R27,100kΩ,JLCPCB:R_0402,YAGEO(国巨),RC0402FR-07100KL,C60491,2,2_2,passive,S2,membrane capacitance selector,ordinary passive instantiated directly,,,,high,direct resistor with tolerance support
R28,1MΩ,JLCPCB:R_0402,YAGEO(国巨),RC0402FR-071ML,C138033,1,1_1,passive,T2,membrane capacitance selector,ordinary passive instantiated directly,,,,high,direct resistor with tolerance support
R28,1MΩ,JLCPCB:R_0402,YAGEO(国巨),RC0402FR-071ML,C138033,2,2_2,passive,S2,membrane capacitance selector,ordinary passive instantiated directly,,,,high,direct resistor with tolerance support
R29,1MΩ,JLCPCB:R_0402,YAGEO(国巨),RC0402FR-071ML,C138033,1,1_1,passive,T3,membrane capacitance selector,ordinary passive instantiated directly,,,,high,direct resistor with tolerance support
R29,1MΩ,JLCPCB:R_0402,YAGEO(国巨),RC0402FR-071ML,C138033,2,2_2,passive,S2,membrane capacitance selector,ordinary passive instantiated directly,,,,high,direct resistor with tolerance support
R30,100kΩ,JLCPCB:R_0402,YAGEO(国巨),RC0402FR-07100KL,C60491,1,1_1,passive,VDD,membrane capacitance selector,ordinary passive instantiated directly,,,,high,direct resistor with tolerance support
R30,100kΩ,JLCPCB:R_0402,YAGEO(国巨),RC0402FR-07100KL,C60491,2,2_2,passive,S3,membrane capacitance selector,ordinary passive instantiated directly,,,,high,direct resistor with tolerance support
R31,1MΩ,JLCPCB:R_0402,YAGEO(国巨),RC0402FR-071ML,C138033,1,1_1,passive,T3,membrane capacitance selector,ordinary passive instantiated directly,,,,high,direct resistor with tolerance support
R31,1MΩ,JLCPCB:R_0402,YAGEO(国巨),RC0402FR-071ML,C138033,2,2_2,passive,S3,membrane capacitance selector,ordinary passive instantiated directly,,,,high,direct resistor with tolerance support
R32,1MΩ,JLCPCB:R_0402,YAGEO(国巨),RC0402FR-071ML,C138033,1,1_1,passive,T4,membrane capacitance selector,ordinary passive instantiated directly,,,,high,direct resistor with tolerance support
R32,1MΩ,JLCPCB:R_0402,YAGEO(国巨),RC0402FR-071ML,C138033,2,2_2,passive,S3,membrane capacitance selector,ordinary passive instantiated directly,,,,high,direct resistor with tolerance support
R33,100kΩ,JLCPCB:R_0402,YAGEO(国巨),RC0402FR-07100KL,C60491,1,1_1,passive,VDD,membrane capacitance selector,ordinary passive instantiated directly,,,,high,direct resistor with tolerance support
R33,100kΩ,JLCPCB:R_0402,YAGEO(国巨),RC0402FR-07100KL,C60491,2,2_2,passive,S4,membrane capacitance selector,ordinary passive instantiated directly,,,,high,direct resistor with tolerance support
R34,1MΩ,JLCPCB:R_0402,YAGEO(国巨),RC0402FR-071ML,C138033,1,1_1,passive,T4,membrane capacitance selector,ordinary passive instantiated directly,,,,high,direct resistor with tolerance support
R34,1MΩ,JLCPCB:R_0402,YAGEO(国巨),RC0402FR-071ML,C138033,2,2_2,passive,S4,membrane capacitance selector,ordinary passive instantiated directly,,,,high,direct resistor with tolerance support
R35,1kΩ,JLCPCB:R_0402,YAGEO(国巨),RC0402FR-071KL,C106235,1,1_1,passive,Net-(R35-Pad1),membrane leak and integration,ordinary passive instantiated directly,,,,high,direct resistor with tolerance support
R35,1kΩ,JLCPCB:R_0402,YAGEO(国巨),RC0402FR-071KL,C106235,2,2_2,passive,Vm_Int,membrane leak and integration,ordinary passive instantiated directly,,,,high,direct resistor with tolerance support
R36,2.2MΩ,JLCPCB:R_0402,YAGEO(国巨),RC0402FR-072M2L,C138015,1,1_1,passive,V_Threshold,"threshold, AP, peak, reset and spike output",ordinary passive instantiated directly,,,,high,direct resistor with tolerance support
R36,2.2MΩ,JLCPCB:R_0402,YAGEO(国巨),RC0402FR-072M2L,C138015,2,2_2,passive,/AP_Gate,"threshold, AP, peak, reset and spike output",ordinary passive instantiated directly,,,,high,direct resistor with tolerance support
R37,10kΩ,JLCPCB:R_0402,YAGEO(国巨),RC0402FR-0710KL,C60490,1,1_1,passive,VDD,"threshold, AP, peak, reset and spike output",ordinary passive instantiated directly,,,,high,direct resistor with tolerance support
R37,10kΩ,JLCPCB:R_0402,YAGEO(国巨),RC0402FR-0710KL,C60490,2,2_2,passive,/AP_Gate,"threshold, AP, peak, reset and spike output",ordinary passive instantiated directly,,,,high,direct resistor with tolerance support
R38,100kΩ,JLCPCB:R_0402,YAGEO(国巨),RC0402FR-07100KL,C60491,1,1_1,passive,VDD,"threshold, AP, peak, reset and spike output",ordinary passive instantiated directly,,,,high,direct resistor with tolerance support
R38,100kΩ,JLCPCB:R_0402,YAGEO(国巨),RC0402FR-07100KL,C60491,2,2_2,passive,AP,"threshold, AP, peak, reset and spike output",ordinary passive instantiated directly,,,,high,direct resistor with tolerance support
R39,22kΩ,JLCPCB:R_0402,YAGEO(国巨),RC0402FR-0722KL,C82868,1,1_1,passive,GNDREF,adaptation,ordinary passive instantiated directly,,,,high,direct resistor with tolerance support
R39,22kΩ,JLCPCB:R_0402,YAGEO(国巨),RC0402FR-0722KL,C82868,2,2_2,passive,/Vkick,adaptation,ordinary passive instantiated directly,,,,high,direct resistor with tolerance support
R40,100Ω,JLCPCB:R_0402,YAGEO(国巨),RC0402FR-07100RL,C106232,1,1_1,passive,Net-(R40-Pad1),miscellaneous schematic support,ordinary passive instantiated directly,,,,high,direct resistor with tolerance support
R40,100Ω,JLCPCB:R_0402,YAGEO(国巨),RC0402FR-07100RL,C106232,2,2_2,passive,GNDREF,miscellaneous schematic support,ordinary passive instantiated directly,,,,high,direct resistor with tolerance support
R41,200kΩ,JLCPCB:R_0402,YAGEO(国巨),RC0402FR-07200KL,C114763,1,1_1,passive,GNDREF,miscellaneous schematic support,ordinary passive instantiated directly,,,,high,direct resistor with tolerance support
R41,200kΩ,JLCPCB:R_0402,YAGEO(国巨),RC0402FR-07200KL,C114763,2,2_2,passive,Net-(U2C-VIND+),miscellaneous schematic support,ordinary passive instantiated directly,,,,high,direct resistor with tolerance support
R42,100kΩ,JLCPCB:R_0402,YAGEO(国巨),RC0402FR-07100KL,C60491,1,1_1,passive,Net-(U2C-VIND+),membrane leak and integration,ordinary passive instantiated directly,,,,high,direct resistor with tolerance support
R42,100kΩ,JLCPCB:R_0402,YAGEO(国巨),RC0402FR-07100KL,C60491,2,2_2,passive,Vm_Int,membrane leak and integration,ordinary passive instantiated directly,,,,high,direct resistor with tolerance support
R43,100kΩ,JLCPCB:R_0402,YAGEO(国巨),RC0402FR-07100KL,C60491,1,1_1,passive,Net-(U2C-VIND-),membrane leak and integration,ordinary passive instantiated directly,,,,high,direct resistor with tolerance support
R43,100kΩ,JLCPCB:R_0402,YAGEO(国巨),RC0402FR-07100KL,C60491,2,2_2,passive,V_Leak,membrane leak and integration,ordinary passive instantiated directly,,,,high,direct resistor with tolerance support
R44,200kΩ,JLCPCB:R_0402,YAGEO(国巨),RC0402FR-07200KL,C114763,1,1_1,passive,Net-(U2C-VIND-),adaptation,ordinary passive instantiated directly,,,,high,direct resistor with tolerance support
R44,200kΩ,JLCPCB:R_0402,YAGEO(国巨),RC0402FR-07200KL,C114763,2,2_2,passive,/Adapt,adaptation,ordinary passive instantiated directly,,,,high,direct resistor with tolerance support
R45,330kΩ,JLCPCB:R_0402,YAGEO(国巨),RC0402FR-07330KL,C138006,1,1_1,passive,/Adapt,adaptation,ordinary passive instantiated directly,,,,high,direct resistor with tolerance support
R45,330kΩ,JLCPCB:R_0402,YAGEO(国巨),RC0402FR-07330KL,C138006,2,2_2,passive,Net-(D6-A),adaptation,ordinary passive instantiated directly,,,,high,direct resistor with tolerance support
R46,10kΩ,JLCPCB:R_0402,YAGEO(国巨),RC0402FR-0710KL,C60490,1,1_1,passive,Vm_Int,membrane leak and integration,ordinary passive instantiated directly,,,,high,direct resistor with tolerance support
R46,10kΩ,JLCPCB:R_0402,YAGEO(国巨),RC0402FR-0710KL,C60490,2,2_2,passive,/Adapt_Current_Sink,membrane leak and integration,ordinary passive instantiated directly,,,,high,direct resistor with tolerance support
R47,22kΩ,JLCPCB:R_0402,YAGEO(国巨),RC0402FR-0722KL,C82868,1,1_1,passive,/Adapt_Base,adaptation,ordinary passive instantiated directly,,,,high,direct resistor with tolerance support
R47,22kΩ,JLCPCB:R_0402,YAGEO(国巨),RC0402FR-0722KL,C82868,2,2_2,passive,Vw_buff,adaptation,ordinary passive instantiated directly,,,,high,direct resistor with tolerance support
R48,100kΩ,JLCPCB:R_0402,YAGEO(国巨),RC0402FR-07100KL,C60491,1,1_1,passive,/Adapt_Base,miscellaneous schematic support,ordinary passive instantiated directly,,,,high,direct resistor with tolerance support
R48,100kΩ,JLCPCB:R_0402,YAGEO(国巨),RC0402FR-07100KL,C60491,2,2_2,passive,GNDREF,miscellaneous schematic support,ordinary passive instantiated directly,,,,high,direct resistor with tolerance support
R49,100kΩ,JLCPCB:R_0402,YAGEO(国巨),RC0402FR-07100KL,C60491,1,1_1,passive,/Rising_AP,miscellaneous schematic support,ordinary passive instantiated directly,,,,high,direct resistor with tolerance support
R49,100kΩ,JLCPCB:R_0402,YAGEO(国巨),RC0402FR-07100KL,C60491,2,2_2,passive,GNDREF,miscellaneous schematic support,ordinary passive instantiated directly,,,,high,direct resistor with tolerance support
R50,1MΩ,JLCPCB:R_0402,YAGEO(国巨),RC0402FR-071ML,C138033,1,1_1,passive,GNDREF,"threshold, AP, peak, reset and spike output",ordinary passive instantiated directly,,,,high,direct resistor with tolerance support
R50,1MΩ,JLCPCB:R_0402,YAGEO(国巨),RC0402FR-071ML,C138033,2,2_2,passive,Spike_Pulse,"threshold, AP, peak, reset and spike output",ordinary passive instantiated directly,,,,high,direct resistor with tolerance support
R51,100kΩ,JLCPCB:R_0402,YAGEO(国巨),RC0402FR-07100KL,C60491,1,1_1,passive,VDD,"threshold, AP, peak, reset and spike output",ordinary passive instantiated directly,,,,high,direct resistor with tolerance support
R51,100kΩ,JLCPCB:R_0402,YAGEO(国巨),RC0402FR-07100KL,C60491,2,2_2,passive,Peak_Window,"threshold, AP, peak, reset and spike output",ordinary passive instantiated directly,,,,high,direct resistor with tolerance support
R52,10kΩ,JLCPCB:R_0402,YAGEO(国巨),RC0402FR-0710KL,C60490,1,1_1,passive,Net-(U14-NO),miscellaneous schematic support,ordinary passive instantiated directly,,,,high,direct resistor with tolerance support
R52,10kΩ,JLCPCB:R_0402,YAGEO(国巨),RC0402FR-0710KL,C60490,2,2_2,passive,V_Peak_Drive,miscellaneous schematic support,ordinary passive instantiated directly,,,,high,direct resistor with tolerance support
R53,22kΩ,JLCPCB:R_0402,YAGEO(国巨),RC0402FR-0722KL,C82868,1,1_1,passive,VDD,miscellaneous schematic support,ordinary passive instantiated directly,,,,high,direct resistor with tolerance support
R53,22kΩ,JLCPCB:R_0402,YAGEO(国巨),RC0402FR-0722KL,C82868,2,2_2,passive,Net-(U6C-INC-),miscellaneous schematic support,ordinary passive instantiated directly,,,,high,direct resistor with tolerance support
R54,100Ω,JLCPCB:R_0402,YAGEO(国巨),RC0402FR-07100RL,C106232,1,1_1,passive,/Reset_Timer_Discharge,miscellaneous schematic support,ordinary passive instantiated directly,,,,high,direct resistor with tolerance support
R54,100Ω,JLCPCB:R_0402,YAGEO(国巨),RC0402FR-07100RL,C106232,2,2_2,passive,Net-(U6C-INC-),miscellaneous schematic support,ordinary passive instantiated directly,,,,high,direct resistor with tolerance support
R55,100kΩ,JLCPCB:R_0402,YAGEO(国巨),RC0402FR-07100KL,C60491,1,1_1,passive,VDD,"threshold, AP, peak, reset and spike output",ordinary passive instantiated directly,,,,high,direct resistor with tolerance support
R55,100kΩ,JLCPCB:R_0402,YAGEO(国巨),RC0402FR-07100KL,C60491,2,2_2,passive,Reset_Window,"threshold, AP, peak, reset and spike output",ordinary passive instantiated directly,,,,high,direct resistor with tolerance support
R56,270kΩ,JLCPCB:R_0402,EVER OHMS(天二科技),CR0402F270KQ10Z,C881205,1,1_1,passive,Net-(U6C-INC+),miscellaneous schematic support,ordinary passive instantiated directly,,,,high,direct resistor with tolerance support
R56,270kΩ,JLCPCB:R_0402,EVER OHMS(天二科技),CR0402F270KQ10Z,C881205,2,2_2,passive,VDD,miscellaneous schematic support,ordinary passive instantiated directly,,,,high,direct resistor with tolerance support
R57,1MΩ,JLCPCB:R_0402,YAGEO(国巨),RC0402FR-071ML,C138033,1,1_1,passive,Net-(U6C-INC+),"threshold, AP, peak, reset and spike output",ordinary passive instantiated directly,,,,high,direct resistor with tolerance support
R57,1MΩ,JLCPCB:R_0402,YAGEO(国巨),RC0402FR-071ML,C138033,2,2_2,passive,Reset_Window,"threshold, AP, peak, reset and spike output",ordinary passive instantiated directly,,,,high,direct resistor with tolerance support
R58,220kΩ,JLCPCB:R_0402,SAE(世盟/世爱),1RC0402F2203,C54530776,1,1_1,passive,GNDREF,miscellaneous schematic support,ordinary passive instantiated directly,,,,high,direct resistor with tolerance support
R58,220kΩ,JLCPCB:R_0402,SAE(世盟/世爱),1RC0402F2203,C54530776,2,2_2,passive,Net-(U6C-INC+),miscellaneous schematic support,ordinary passive instantiated directly,,,,high,direct resistor with tolerance support
R59,100kΩ,JLCPCB:R_0402,YAGEO(国巨),RC0402FR-07100KL,C60491,1,1_1,passive,VDD,miscellaneous schematic support,ordinary passive instantiated directly,,,,high,direct resistor with tolerance support
R59,100kΩ,JLCPCB:R_0402,YAGEO(国巨),RC0402FR-07100KL,C60491,2,2_2,passive,/Reset_Injection_Enable,miscellaneous schematic support,ordinary passive instantiated directly,,,,high,direct resistor with tolerance support
R60,10kΩ,JLCPCB:R_0402,YAGEO(国巨),RC0402FR-0710KL,C60490,1,1_1,passive,/Reset_Gated_Drive,membrane leak and integration,ordinary passive instantiated directly,,,,high,direct resistor with tolerance support
R60,10kΩ,JLCPCB:R_0402,YAGEO(国巨),RC0402FR-0710KL,C60490,2,2_2,passive,Vm_Int,membrane leak and integration,ordinary passive instantiated directly,,,,high,direct resistor with tolerance support
R61,2kΩ,JLCPCB:R_0402,YAGEO(国巨),RC0402FR-071KL,C4109,1,1_1,passive,Net-(Q7-D),miscellaneous schematic support,ordinary passive instantiated directly,,,,high,direct resistor with tolerance support
R61,2kΩ,JLCPCB:R_0402,YAGEO(国巨),RC0402FR-071KL,C4109,2,2_2,passive,Net-(D9-B-),miscellaneous schematic support,ordinary passive instantiated directly,,,,high,direct resistor with tolerance support
R62,2kΩ,JLCPCB:R_0402,YAGEO(国巨),RC0402FR-071KL,C4109,1,1_1,passive,Net-(Q7-D),miscellaneous schematic support,ordinary passive instantiated directly,,,,high,direct resistor with tolerance support
R62,2kΩ,JLCPCB:R_0402,YAGEO(国巨),RC0402FR-071KL,C4109,2,2_2,passive,Net-(D9-G-),miscellaneous schematic support,ordinary passive instantiated directly,,,,high,direct resistor with tolerance support
R63,2kΩ,JLCPCB:R_0402,YAGEO(国巨),RC0402FR-071KL,C4109,1,1_1,passive,Net-(Q8-Pad3),miscellaneous schematic support,ordinary passive instantiated directly,,,,high,direct resistor with tolerance support
R63,2kΩ,JLCPCB:R_0402,YAGEO(国巨),RC0402FR-071KL,C4109,2,2_2,passive,Net-(D9-R-),miscellaneous schematic support,ordinary passive instantiated directly,,,,high,direct resistor with tolerance support
R64,10kΩ,JLCPCB:R_0402,YAGEO(国巨),RC0402FR-0710KL,C60490,1,1_1,passive,Net-(Q8-Pad1),membrane leak and integration,ordinary passive instantiated directly,,,,high,direct resistor with tolerance support
R64,10kΩ,JLCPCB:R_0402,YAGEO(国巨),RC0402FR-0710KL,C60490,2,2_2,passive,Vm_Int,membrane leak and integration,ordinary passive instantiated directly,,,,high,direct resistor with tolerance support
R65,100kΩ,JLCPCB:R_0402,YAGEO(国巨),RC0402FR-07100KL,C60491,1,1_1,passive,Net-(Q8-Pad1),miscellaneous schematic support,ordinary passive instantiated directly,,,,high,direct resistor with tolerance support
R65,100kΩ,JLCPCB:R_0402,YAGEO(国巨),RC0402FR-07100KL,C60491,2,2_2,passive,GNDREF,miscellaneous schematic support,ordinary passive instantiated directly,,,,high,direct resistor with tolerance support
R66,22kΩ,JLCPCB:R_0402,YAGEO(国巨),RC0402FR-0722KL,C82868,1,1_1,passive,Net-(U15-NO),signed synapses,ordinary passive instantiated directly,,,,high,direct resistor with tolerance support
R66,22kΩ,JLCPCB:R_0402,YAGEO(国巨),RC0402FR-0722KL,C82868,2,2_2,passive,V_Syn_State,signed synapses,ordinary passive instantiated directly,,,,high,direct resistor with tolerance support
R67,1kΩ,JLCPCB:R_0402,YAGEO(国巨),RC0402FR-071KL,C106235,1,1_1,passive,Net-(U15-IN),miscellaneous schematic support,ordinary passive instantiated directly,,,,high,direct resistor with tolerance support
R67,1kΩ,JLCPCB:R_0402,YAGEO(国巨),RC0402FR-071KL,C106235,2,2_2,passive,Net-(D10-A),miscellaneous schematic support,ordinary passive instantiated directly,,,,high,direct resistor with tolerance support
R68,100kΩ,JLCPCB:R_0402,YAGEO(国巨),RC0402FR-07100KL,C60491,1,1_1,passive,GNDREF,miscellaneous schematic support,ordinary passive instantiated directly,,,,high,direct resistor with tolerance support
R68,100kΩ,JLCPCB:R_0402,YAGEO(国巨),RC0402FR-07100KL,C60491,2,2_2,passive,Net-(D10-A),miscellaneous schematic support,ordinary passive instantiated directly,,,,high,direct resistor with tolerance support
R69,22kΩ,JLCPCB:R_0402,YAGEO(国巨),RC0402FR-0722KL,C82868,1,1_1,passive,Syn1_Spike,signed synapses,ordinary passive instantiated directly,,,,high,direct resistor with tolerance support
R69,22kΩ,JLCPCB:R_0402,YAGEO(国巨),RC0402FR-0722KL,C82868,2,2_2,passive,Net-(D10-A),signed synapses,ordinary passive instantiated directly,,,,high,direct resistor with tolerance support
R70,22kΩ,JLCPCB:R_0402,YAGEO(国巨),RC0402FR-0722KL,C82868,1,1_1,passive,Net-(U16-NO),signed synapses,ordinary passive instantiated directly,,,,high,direct resistor with tolerance support
R70,22kΩ,JLCPCB:R_0402,YAGEO(国巨),RC0402FR-0722KL,C82868,2,2_2,passive,V_Syn_State,signed synapses,ordinary passive instantiated directly,,,,high,direct resistor with tolerance support
R71,1kΩ,JLCPCB:R_0402,YAGEO(国巨),RC0402FR-071KL,C106235,1,1_1,passive,Net-(U16-IN),miscellaneous schematic support,ordinary passive instantiated directly,,,,high,direct resistor with tolerance support
R71,1kΩ,JLCPCB:R_0402,YAGEO(国巨),RC0402FR-071KL,C106235,2,2_2,passive,Net-(D12-A),miscellaneous schematic support,ordinary passive instantiated directly,,,,high,direct resistor with tolerance support
R72,100kΩ,JLCPCB:R_0402,YAGEO(国巨),RC0402FR-07100KL,C60491,1,1_1,passive,GNDREF,miscellaneous schematic support,ordinary passive instantiated directly,,,,high,direct resistor with tolerance support
R72,100kΩ,JLCPCB:R_0402,YAGEO(国巨),RC0402FR-07100KL,C60491,2,2_2,passive,Net-(D12-A),miscellaneous schematic support,ordinary passive instantiated directly,,,,high,direct resistor with tolerance support
R73,22kΩ,JLCPCB:R_0402,YAGEO(国巨),RC0402FR-0722KL,C82868,1,1_1,passive,Syn2_Spike,signed synapses,ordinary passive instantiated directly,,,,high,direct resistor with tolerance support
R73,22kΩ,JLCPCB:R_0402,YAGEO(国巨),RC0402FR-0722KL,C82868,2,2_2,passive,Net-(D12-A),signed synapses,ordinary passive instantiated directly,,,,high,direct resistor with tolerance support
R74,22kΩ,JLCPCB:R_0402,YAGEO(国巨),RC0402FR-0722KL,C82868,1,1_1,passive,Net-(U17-NO),signed synapses,ordinary passive instantiated directly,,,,high,direct resistor with tolerance support
R74,22kΩ,JLCPCB:R_0402,YAGEO(国巨),RC0402FR-0722KL,C82868,2,2_2,passive,V_Syn_State,signed synapses,ordinary passive instantiated directly,,,,high,direct resistor with tolerance support
R75,1kΩ,JLCPCB:R_0402,YAGEO(国巨),RC0402FR-071KL,C106235,1,1_1,passive,Net-(U17-IN),miscellaneous schematic support,ordinary passive instantiated directly,,,,high,direct resistor with tolerance support
R75,1kΩ,JLCPCB:R_0402,YAGEO(国巨),RC0402FR-071KL,C106235,2,2_2,passive,Net-(D14-A),miscellaneous schematic support,ordinary passive instantiated directly,,,,high,direct resistor with tolerance support
R76,100kΩ,JLCPCB:R_0402,YAGEO(国巨),RC0402FR-07100KL,C60491,1,1_1,passive,GNDREF,miscellaneous schematic support,ordinary passive instantiated directly,,,,high,direct resistor with tolerance support
R76,100kΩ,JLCPCB:R_0402,YAGEO(国巨),RC0402FR-07100KL,C60491,2,2_2,passive,Net-(D14-A),miscellaneous schematic support,ordinary passive instantiated directly,,,,high,direct resistor with tolerance support
R77,22kΩ,JLCPCB:R_0402,YAGEO(国巨),RC0402FR-0722KL,C82868,1,1_1,passive,Syn3_Spike,signed synapses,ordinary passive instantiated directly,,,,high,direct resistor with tolerance support
R77,22kΩ,JLCPCB:R_0402,YAGEO(国巨),RC0402FR-0722KL,C82868,2,2_2,passive,Net-(D14-A),signed synapses,ordinary passive instantiated directly,,,,high,direct resistor with tolerance support
R78,22kΩ,JLCPCB:R_0402,YAGEO(国巨),RC0402FR-0722KL,C82868,1,1_1,passive,Net-(U18-NO),signed synapses,ordinary passive instantiated directly,,,,high,direct resistor with tolerance support
R78,22kΩ,JLCPCB:R_0402,YAGEO(国巨),RC0402FR-0722KL,C82868,2,2_2,passive,V_Syn_State,signed synapses,ordinary passive instantiated directly,,,,high,direct resistor with tolerance support
R79,1kΩ,JLCPCB:R_0402,YAGEO(国巨),RC0402FR-071KL,C106235,1,1_1,passive,Net-(U18-IN),miscellaneous schematic support,ordinary passive instantiated directly,,,,high,direct resistor with tolerance support
R79,1kΩ,JLCPCB:R_0402,YAGEO(国巨),RC0402FR-071KL,C106235,2,2_2,passive,Net-(D16-A),miscellaneous schematic support,ordinary passive instantiated directly,,,,high,direct resistor with tolerance support
R80,100kΩ,JLCPCB:R_0402,YAGEO(国巨),RC0402FR-07100KL,C60491,1,1_1,passive,GNDREF,miscellaneous schematic support,ordinary passive instantiated directly,,,,high,direct resistor with tolerance support
R80,100kΩ,JLCPCB:R_0402,YAGEO(国巨),RC0402FR-07100KL,C60491,2,2_2,passive,Net-(D16-A),miscellaneous schematic support,ordinary passive instantiated directly,,,,high,direct resistor with tolerance support
R81,22kΩ,JLCPCB:R_0402,YAGEO(国巨),RC0402FR-0722KL,C82868,1,1_1,passive,Syn4_Spike,signed synapses,ordinary passive instantiated directly,,,,high,direct resistor with tolerance support
R81,22kΩ,JLCPCB:R_0402,YAGEO(国巨),RC0402FR-0722KL,C82868,2,2_2,passive,Net-(D16-A),signed synapses,ordinary passive instantiated directly,,,,high,direct resistor with tolerance support
R82,10kΩ,JLCPCB:R_0402,YAGEO(国巨),RC0402FR-0710KL,C60490,1,1_1,passive,V_Syn_State,signed synapses,ordinary passive instantiated directly,,,,high,direct resistor with tolerance support
R82,10kΩ,JLCPCB:R_0402,YAGEO(国巨),RC0402FR-0710KL,C60490,2,2_2,passive,Net-(R82-Pad2),signed synapses,ordinary passive instantiated directly,,,,high,direct resistor with tolerance support
R83,1MΩ,JLCPCB:R_0402,YAGEO(国巨),RC0402FR-071ML,C138033,1,1_1,passive,V_Syn_State,signed synapses,ordinary passive instantiated directly,,,,high,direct resistor with tolerance support
R83,1MΩ,JLCPCB:R_0402,YAGEO(国巨),RC0402FR-071ML,C138033,2,2_2,passive,Net-(U1C-VIND+),signed synapses,ordinary passive instantiated directly,,,,high,direct resistor with tolerance support
R84,1MΩ,JLCPCB:R_0402,YAGEO(国巨),RC0402FR-071ML,C138033,1,1_1,passive,Vm_Int,membrane leak and integration,ordinary passive instantiated directly,,,,high,direct resistor with tolerance support
R84,1MΩ,JLCPCB:R_0402,YAGEO(国巨),RC0402FR-071ML,C138033,2,2_2,passive,Net-(U1C-VIND+),membrane leak and integration,ordinary passive instantiated directly,,,,high,direct resistor with tolerance support
R85,1MΩ,JLCPCB:R_0402,YAGEO(国巨),RC0402FR-071ML,C138033,1,1_1,passive,VREF_1V024,power and precision references,ordinary passive instantiated directly,,,,high,direct resistor with tolerance support
R85,1MΩ,JLCPCB:R_0402,YAGEO(国巨),RC0402FR-071ML,C138033,2,2_2,passive,Net-(U1C-VIND-),power and precision references,ordinary passive instantiated directly,,,,high,direct resistor with tolerance support
R86,1MΩ,JLCPCB:R_0402,YAGEO(国巨),RC0402FR-071ML,C138033,1,1_1,passive,Net-(U1C-VIND-),signed synapses,ordinary passive instantiated directly,,,,high,direct resistor with tolerance support
R86,1MΩ,JLCPCB:R_0402,YAGEO(国巨),RC0402FR-071ML,C138033,2,2_2,passive,/V_Syn_Drive,signed synapses,ordinary passive instantiated directly,,,,high,direct resistor with tolerance support
R87,47kΩ,JLCPCB:R_0402,YAGEO(国巨),RC0402FR-0747KL,C93943,1,1_1,passive,/V_Syn_Drive,signed synapses,ordinary passive instantiated directly,,,,high,direct resistor with tolerance support
R87,47kΩ,JLCPCB:R_0402,YAGEO(国巨),RC0402FR-0747KL,C93943,2,2_2,passive,Vm_Int,signed synapses,ordinary passive instantiated directly,,,,high,direct resistor with tolerance support
R88,100kΩ,JLCPCB:R_0402,YAGEO(国巨),RC0402FR-07100KL,C60491,1,1_1,passive,VDD,miscellaneous schematic support,ordinary passive instantiated directly,,,,high,direct resistor with tolerance support
R88,100kΩ,JLCPCB:R_0402,YAGEO(国巨),RC0402FR-07100KL,C60491,2,2_2,passive,Net-(U19-OUT),miscellaneous schematic support,ordinary passive instantiated directly,,,,high,direct resistor with tolerance support
R89,100Ω,JLCPCB:R_0402,YAGEO(国巨),RC0402FR-07100RL,C106232,1,1_1,passive,Net-(U19-OUT),"threshold, AP, peak, reset and spike output",ordinary passive instantiated directly,,,,high,direct resistor with tolerance support
R89,100Ω,JLCPCB:R_0402,YAGEO(国巨),RC0402FR-07100RL,C106232,2,2_2,passive,Spike_Out,"threshold, AP, peak, reset and spike output",ordinary passive instantiated directly,,,,high,direct resistor with tolerance support
R90,1MΩ,JLCPCB:R_0402,YAGEO(国巨),RC0402FR-071ML,C138033,1,1_1,passive,VREF_1V024,power and precision references,ordinary passive instantiated directly,,,,high,direct resistor with tolerance support
R90,1MΩ,JLCPCB:R_0402,YAGEO(国巨),RC0402FR-071ML,C138033,2,2_2,passive,V_Stim_Cmd,power and precision references,ordinary passive instantiated directly,,,,high,direct resistor with tolerance support
R91,1kΩ,JLCPCB:R_0402,YAGEO(国巨),RC0402FR-071KL,C106235,1,1_1,passive,Stimulus_Ext,external stimulus,ordinary passive instantiated directly,,,,high,direct resistor with tolerance support
R91,1kΩ,JLCPCB:R_0402,YAGEO(国巨),RC0402FR-071KL,C106235,2,2_2,passive,V_Stim_Cmd,external stimulus,ordinary passive instantiated directly,,,,high,direct resistor with tolerance support
R92,100kΩ,JLCPCB:R_0402,YAGEO(国巨),RC0402FR-07100KL,C60491,1,1_1,passive,Vm_Int,external stimulus,ordinary passive instantiated directly,,,,high,direct resistor with tolerance support
R92,100kΩ,JLCPCB:R_0402,YAGEO(国巨),RC0402FR-07100KL,C60491,2,2_2,passive,Net-(U23-IN+),external stimulus,ordinary passive instantiated directly,,,,high,direct resistor with tolerance support
R93,200kΩ,JLCPCB:R_0402,YAGEO(国巨),RC0402FR-07200KL,C114763,1,1_1,passive,V_Stim_Cmd,external stimulus,ordinary passive instantiated directly,,,,high,direct resistor with tolerance support
R93,200kΩ,JLCPCB:R_0402,YAGEO(国巨),RC0402FR-07200KL,C114763,2,2_2,passive,Net-(U23-IN+),external stimulus,ordinary passive instantiated directly,,,,high,direct resistor with tolerance support
R94,200kΩ,JLCPCB:R_0402,YAGEO(国巨),RC0402FR-07200KL,C114763,1,1_1,passive,VREF_1V024,power and precision references,ordinary passive instantiated directly,,,,high,direct resistor with tolerance support
R94,200kΩ,JLCPCB:R_0402,YAGEO(国巨),RC0402FR-07200KL,C114763,2,2_2,passive,Net-(U23-IN-),power and precision references,ordinary passive instantiated directly,,,,high,direct resistor with tolerance support
R95,100kΩ,JLCPCB:R_0402,YAGEO(国巨),RC0402FR-07100KL,C60491,1,1_1,passive,V_Stim_Drive,external stimulus,ordinary passive instantiated directly,,,,high,direct resistor with tolerance support
R95,100kΩ,JLCPCB:R_0402,YAGEO(国巨),RC0402FR-07100KL,C60491,2,2_2,passive,Net-(U23-IN-),external stimulus,ordinary passive instantiated directly,,,,high,direct resistor with tolerance support
R96,100kΩ,JLCPCB:R_0402,YAGEO(国巨),RC0402FR-0747KL,C93943,1,1_1,passive,V_Stim_Drive,external stimulus,ordinary passive instantiated directly,,,,high,direct resistor with tolerance support
R96,100kΩ,JLCPCB:R_0402,YAGEO(国巨),RC0402FR-0747KL,C93943,2,2_2,passive,Vm_Int,external stimulus,ordinary passive instantiated directly,,,,high,direct resistor with tolerance support
RV1,100kΩ,Maxime:RES-ADJ-SMD_G43BT,TOCOS(东高志),G43BT-B104,C128149,1,1_1,passive,GNDREF,membrane leak and integration,ordinary passive instantiated directly,,,,high,three-terminal potentiometer split at physical wiper
RV1,100kΩ,Maxime:RES-ADJ-SMD_G43BT,TOCOS(东高志),G43BT-B104,C128149,2,2_2,passive,/V_Leak_ref,membrane leak and integration,ordinary passive instantiated directly,,,,high,three-terminal potentiometer split at physical wiper
RV1,100kΩ,Maxime:RES-ADJ-SMD_G43BT,TOCOS(东高志),G43BT-B104,C128149,3,3_3,passive,V_Leak_Ref_Max,membrane leak and integration,ordinary passive instantiated directly,,,,high,three-terminal potentiometer split at physical wiper
RV2,50kΩ,Maxime:RES-ADJ-SMD_G43BT,TOCOS(东高志),G43BT-B503,C128148,1,1_1,passive,Net-(R35-Pad1),membrane leak and integration,ordinary passive instantiated directly,,,,high,three-terminal potentiometer split at physical wiper
RV2,50kΩ,Maxime:RES-ADJ-SMD_G43BT,TOCOS(东高志),G43BT-B503,C128148,2,2_2,passive,Vm_Int,membrane leak and integration,ordinary passive instantiated directly,,,,high,three-terminal potentiometer split at physical wiper
RV2,50kΩ,Maxime:RES-ADJ-SMD_G43BT,TOCOS(东高志),G43BT-B503,C128148,3,3_3,passive,V_Leak,membrane leak and integration,ordinary passive instantiated directly,,,,high,three-terminal potentiometer split at physical wiper
RV3,100kΩ,Maxime:RES-ADJ-SMD_G43BT,TOCOS(东高志),G43BT-B104,C128149,1,1_1,passive,Vw,adaptation,ordinary passive instantiated directly,,,,high,three-terminal potentiometer split at physical wiper
RV3,100kΩ,Maxime:RES-ADJ-SMD_G43BT,TOCOS(东高志),G43BT-B104,C128149,2,2_2,passive,Vw,adaptation,ordinary passive instantiated directly,,,,high,three-terminal potentiometer split at physical wiper
RV3,100kΩ,Maxime:RES-ADJ-SMD_G43BT,TOCOS(东高志),G43BT-B104,C128149,3,3_3,passive,Net-(R40-Pad1),adaptation,ordinary passive instantiated directly,,,,high,three-terminal potentiometer split at physical wiper
RV4,100kΩ,Maxime:RES-ADJ-SMD_G43BT,TOCOS(东高志),G43BT-B104,C128149,1,1_1,passive,GNDREF,membrane capacitance selector,ordinary passive instantiated directly,,,,high,three-terminal potentiometer split at physical wiper
RV4,100kΩ,Maxime:RES-ADJ-SMD_G43BT,TOCOS(东高志),G43BT-B104,C128149,2,2_2,passive,Vsel,membrane capacitance selector,ordinary passive instantiated directly,,,,high,three-terminal potentiometer split at physical wiper
RV4,100kΩ,Maxime:RES-ADJ-SMD_G43BT,TOCOS(东高志),G43BT-B104,C128149,3,3_3,passive,VDD,membrane capacitance selector,ordinary passive instantiated directly,,,,high,three-terminal potentiometer split at physical wiper
RV5,100kΩ,Maxime:RES-ADJ-SMD_G43BT,TOCOS(东高志),G43BT-B104,C128149,1,1_1,passive,Net-(R82-Pad2),power and precision references,ordinary passive instantiated directly,,,,high,three-terminal potentiometer split at physical wiper
RV5,100kΩ,Maxime:RES-ADJ-SMD_G43BT,TOCOS(东高志),G43BT-B104,C128149,2,2_2,passive,Net-(R82-Pad2),power and precision references,ordinary passive instantiated directly,,,,high,three-terminal potentiometer split at physical wiper
RV5,100kΩ,Maxime:RES-ADJ-SMD_G43BT,TOCOS(东高志),G43BT-B104,C128149,3,3_3,passive,VREF_1V024,power and precision references,ordinary passive instantiated directly,,,,high,three-terminal potentiometer split at physical wiper
RV6,1MΩ,RES-ADJ-SMD_G43BT,TOCOS(东高志),G43BT-B105,C128152,1,1_1,passive,GNDREF,power and precision references,ordinary passive instantiated directly,,,,high,three-terminal potentiometer split at physical wiper
RV6,1MΩ,RES-ADJ-SMD_G43BT,TOCOS(东高志),G43BT-B105,C128152,2,2_2,passive,Net-(U1D-VINA+),power and precision references,ordinary passive instantiated directly,,,,high,three-terminal potentiometer split at physical wiper
RV6,1MΩ,RES-ADJ-SMD_G43BT,TOCOS(东高志),G43BT-B105,C128152,3,3_3,passive,VREF_2V048,power and precision references,ordinary passive instantiated directly,,,,high,three-terminal potentiometer split at physical wiper
RV7,1MΩ,RES-ADJ-SMD_G43BT,TOCOS(东高志),G43BT-B105,C128152,1,1_1,passive,GNDREF,power and precision references,ordinary passive instantiated directly,,,,high,three-terminal potentiometer split at physical wiper
RV7,1MΩ,RES-ADJ-SMD_G43BT,TOCOS(东高志),G43BT-B105,C128152,2,2_2,passive,Net-(U1A-VINB+),power and precision references,ordinary passive instantiated directly,,,,high,three-terminal potentiometer split at physical wiper
RV7,1MΩ,RES-ADJ-SMD_G43BT,TOCOS(东高志),G43BT-B105,C128152,3,3_3,passive,VREF_2V048,power and precision references,ordinary passive instantiated directly,,,,high,three-terminal potentiometer split at physical wiper
RV8,1MΩ,RES-ADJ-SMD_G43BT,TOCOS(东高志),G43BT-B105,C128152,1,1_1,passive,GNDREF,power and precision references,ordinary passive instantiated directly,,,,high,three-terminal potentiometer split at physical wiper
RV8,1MΩ,RES-ADJ-SMD_G43BT,TOCOS(东高志),G43BT-B105,C128152,2,2_2,passive,Net-(U3B-VINC+),power and precision references,ordinary passive instantiated directly,,,,high,three-terminal potentiometer split at physical wiper
RV8,1MΩ,RES-ADJ-SMD_G43BT,TOCOS(东高志),G43BT-B105,C128152,3,3_3,passive,VREF_2V048,power and precision references,ordinary passive instantiated directly,,,,high,three-terminal potentiometer split at physical wiper
RV9,1MΩ,RES-ADJ-SMD_G43BT,TOCOS(东高志),G43BT-B105,C128152,1,1_1,passive,GNDREF,power and precision references,ordinary passive instantiated directly,,,,high,three-terminal potentiometer split at physical wiper
RV9,1MΩ,RES-ADJ-SMD_G43BT,TOCOS(东高志),G43BT-B105,C128152,2,2_2,passive,Net-(U3C-VIND+),power and precision references,ordinary passive instantiated directly,,,,high,three-terminal potentiometer split at physical wiper
RV9,1MΩ,RES-ADJ-SMD_G43BT,TOCOS(东高志),G43BT-B105,C128152,3,3_3,passive,VREF_2V048,power and precision references,ordinary passive instantiated directly,,,,high,three-terminal potentiometer split at physical wiper
SW1,K3-1260D-L1,Maxime:SW-TH_K3-1260D-L1,韩国韩荣,K3-1260D-L1,C92657,1,1_1,passive,+BATT,power and precision references,datasheet-derived electrical model,,,,medium,power switch contact resistance and selectable state
SW1,K3-1260D-L1,Maxime:SW-TH_K3-1260D-L1,韩国韩荣,K3-1260D-L1,C92657,2,2_2,passive,VDD,power and precision references,datasheet-derived electrical model,,,,medium,power switch contact resistance and selectable state
SW1,K3-1260D-L1,Maxime:SW-TH_K3-1260D-L1,韩国韩荣,K3-1260D-L1,C92657,3,3_3,passive+no_connect,unconnected-(SW1-Pad3),power and precision references,datasheet-derived electrical model,,,,medium,power switch contact resistance and selectable state
U1,MCP6004T-I/ST,Maxime:TSSOP-14_L5.0-W4.4-P0.65-LS6.4-BL,MICROCHIP(美国微芯),MCP6004T-I/ST,C50282,1,VOUTA_1,passive,V_Syn1_Set,signed synapses,official vendor SPICE model,models\compatible\MCP6001_ngspice.lib,MCP6001,1 2 3 4 5,high,installed vendor/model source
U1,MCP6004T-I/ST,Maxime:TSSOP-14_L5.0-W4.4-P0.65-LS6.4-BL,MICROCHIP(美国微芯),MCP6004T-I/ST,C50282,2,VINA-_2,passive,V_Syn1_Set,signed synapses,official vendor SPICE model,models\compatible\MCP6001_ngspice.lib,MCP6001,1 2 3 4 5,high,installed vendor/model source
U1,MCP6004T-I/ST,Maxime:TSSOP-14_L5.0-W4.4-P0.65-LS6.4-BL,MICROCHIP(美国微芯),MCP6004T-I/ST,C50282,3,VINA+_3,passive,Net-(U1D-VINA+),signed synapses,official vendor SPICE model,models\compatible\MCP6001_ngspice.lib,MCP6001,1 2 3 4 5,high,installed vendor/model source
U1,MCP6004T-I/ST,Maxime:TSSOP-14_L5.0-W4.4-P0.65-LS6.4-BL,MICROCHIP(美国微芯),MCP6004T-I/ST,C50282,4,VDD_4,passive,VDD,signed synapses,official vendor SPICE model,models\compatible\MCP6001_ngspice.lib,MCP6001,1 2 3 4 5,high,installed vendor/model source
U1,MCP6004T-I/ST,Maxime:TSSOP-14_L5.0-W4.4-P0.65-LS6.4-BL,MICROCHIP(美国微芯),MCP6004T-I/ST,C50282,5,VINB+_5,passive,Net-(U1A-VINB+),signed synapses,official vendor SPICE model,models\compatible\MCP6001_ngspice.lib,MCP6001,1 2 3 4 5,high,installed vendor/model source
U1,MCP6004T-I/ST,Maxime:TSSOP-14_L5.0-W4.4-P0.65-LS6.4-BL,MICROCHIP(美国微芯),MCP6004T-I/ST,C50282,6,VINB-_6,passive,V_Syn2_Set,signed synapses,official vendor SPICE model,models\compatible\MCP6001_ngspice.lib,MCP6001,1 2 3 4 5,high,installed vendor/model source
U1,MCP6004T-I/ST,Maxime:TSSOP-14_L5.0-W4.4-P0.65-LS6.4-BL,MICROCHIP(美国微芯),MCP6004T-I/ST,C50282,7,VOUTB_7,passive,V_Syn2_Set,signed synapses,official vendor SPICE model,models\compatible\MCP6001_ngspice.lib,MCP6001,1 2 3 4 5,high,installed vendor/model source
U1,MCP6004T-I/ST,Maxime:TSSOP-14_L5.0-W4.4-P0.65-LS6.4-BL,MICROCHIP(美国微芯),MCP6004T-I/ST,C50282,8,VOUTC_8,passive,Vw_buff,signed synapses,official vendor SPICE model,models\compatible\MCP6001_ngspice.lib,MCP6001,1 2 3 4 5,high,installed vendor/model source
U1,MCP6004T-I/ST,Maxime:TSSOP-14_L5.0-W4.4-P0.65-LS6.4-BL,MICROCHIP(美国微芯),MCP6004T-I/ST,C50282,9,VINC-_9,passive,Vw_buff,signed synapses,official vendor SPICE model,models\compatible\MCP6001_ngspice.lib,MCP6001,1 2 3 4 5,high,installed vendor/model source
U1,MCP6004T-I/ST,Maxime:TSSOP-14_L5.0-W4.4-P0.65-LS6.4-BL,MICROCHIP(美国微芯),MCP6004T-I/ST,C50282,10,VINC+_10,passive,Vw,signed synapses,official vendor SPICE model,models\compatible\MCP6001_ngspice.lib,MCP6001,1 2 3 4 5,high,installed vendor/model source
U1,MCP6004T-I/ST,Maxime:TSSOP-14_L5.0-W4.4-P0.65-LS6.4-BL,MICROCHIP(美国微芯),MCP6004T-I/ST,C50282,11,VSS_11,passive,GNDREF,signed synapses,official vendor SPICE model,models\compatible\MCP6001_ngspice.lib,MCP6001,1 2 3 4 5,high,installed vendor/model source
U1,MCP6004T-I/ST,Maxime:TSSOP-14_L5.0-W4.4-P0.65-LS6.4-BL,MICROCHIP(美国微芯),MCP6004T-I/ST,C50282,12,VIND+_12,passive,Net-(U1C-VIND+),signed synapses,official vendor SPICE model,models\compatible\MCP6001_ngspice.lib,MCP6001,1 2 3 4 5,high,installed vendor/model source
U1,MCP6004T-I/ST,Maxime:TSSOP-14_L5.0-W4.4-P0.65-LS6.4-BL,MICROCHIP(美国微芯),MCP6004T-I/ST,C50282,13,VIND-_13,passive,Net-(U1C-VIND-),signed synapses,official vendor SPICE model,models\compatible\MCP6001_ngspice.lib,MCP6001,1 2 3 4 5,high,installed vendor/model source
U1,MCP6004T-I/ST,Maxime:TSSOP-14_L5.0-W4.4-P0.65-LS6.4-BL,MICROCHIP(美国微芯),MCP6004T-I/ST,C50282,14,VOUTD_14,passive,/V_Syn_Drive,signed synapses,official vendor SPICE model,models\compatible\MCP6001_ngspice.lib,MCP6001,1 2 3 4 5,high,installed vendor/model source
U2,MCP6004T-I/ST,Maxime:TSSOP-14_L5.0-W4.4-P0.65-LS6.4-BL,MICROCHIP(美国微芯),MCP6004T-I/ST,C50282,1,VOUTA_1,passive,/Adapt_Kick_Drive,"threshold, AP, peak, reset and spike output",official vendor SPICE model,models\compatible\MCP6001_ngspice.lib,MCP6001,1 2 3 4 5,high,installed vendor/model source
U2,MCP6004T-I/ST,Maxime:TSSOP-14_L5.0-W4.4-P0.65-LS6.4-BL,MICROCHIP(美国微芯),MCP6004T-I/ST,C50282,2,VINA-_2,passive,/Adapt_Kick_Drive,"threshold, AP, peak, reset and spike output",official vendor SPICE model,models\compatible\MCP6001_ngspice.lib,MCP6001,1 2 3 4 5,high,installed vendor/model source
U2,MCP6004T-I/ST,Maxime:TSSOP-14_L5.0-W4.4-P0.65-LS6.4-BL,MICROCHIP(美国微芯),MCP6004T-I/ST,C50282,3,VINA+_3,passive,AP,"threshold, AP, peak, reset and spike output",official vendor SPICE model,models\compatible\MCP6001_ngspice.lib,MCP6001,1 2 3 4 5,high,installed vendor/model source
U2,MCP6004T-I/ST,Maxime:TSSOP-14_L5.0-W4.4-P0.65-LS6.4-BL,MICROCHIP(美国微芯),MCP6004T-I/ST,C50282,4,VDD_4,passive,VDD,"threshold, AP, peak, reset and spike output",official vendor SPICE model,models\compatible\MCP6001_ngspice.lib,MCP6001,1 2 3 4 5,high,installed vendor/model source
U2,MCP6004T-I/ST,Maxime:TSSOP-14_L5.0-W4.4-P0.65-LS6.4-BL,MICROCHIP(美国微芯),MCP6004T-I/ST,C50282,5,VINB+_5,passive,V_Reset_Ref,"threshold, AP, peak, reset and spike output",official vendor SPICE model,models\compatible\MCP6001_ngspice.lib,MCP6001,1 2 3 4 5,high,installed vendor/model source
U2,MCP6004T-I/ST,Maxime:TSSOP-14_L5.0-W4.4-P0.65-LS6.4-BL,MICROCHIP(美国微芯),MCP6004T-I/ST,C50282,6,VINB-_6,passive,/Reset_Injection_Drive,"threshold, AP, peak, reset and spike output",official vendor SPICE model,models\compatible\MCP6001_ngspice.lib,MCP6001,1 2 3 4 5,high,installed vendor/model source
U2,MCP6004T-I/ST,Maxime:TSSOP-14_L5.0-W4.4-P0.65-LS6.4-BL,MICROCHIP(美国微芯),MCP6004T-I/ST,C50282,7,VOUTB_7,passive,/Reset_Injection_Drive,"threshold, AP, peak, reset and spike output",official vendor SPICE model,models\compatible\MCP6001_ngspice.lib,MCP6001,1 2 3 4 5,high,installed vendor/model source
U2,MCP6004T-I/ST,Maxime:TSSOP-14_L5.0-W4.4-P0.65-LS6.4-BL,MICROCHIP(美国微芯),MCP6004T-I/ST,C50282,8,VOUTC_8,passive,V_Peak_Drive,"threshold, AP, peak, reset and spike output",official vendor SPICE model,models\compatible\MCP6001_ngspice.lib,MCP6001,1 2 3 4 5,high,installed vendor/model source
U2,MCP6004T-I/ST,Maxime:TSSOP-14_L5.0-W4.4-P0.65-LS6.4-BL,MICROCHIP(美国微芯),MCP6004T-I/ST,C50282,9,VINC-_9,passive,V_Peak_Drive,"threshold, AP, peak, reset and spike output",official vendor SPICE model,models\compatible\MCP6001_ngspice.lib,MCP6001,1 2 3 4 5,high,installed vendor/model source
U2,MCP6004T-I/ST,Maxime:TSSOP-14_L5.0-W4.4-P0.65-LS6.4-BL,MICROCHIP(美国微芯),MCP6004T-I/ST,C50282,10,VINC+_10,passive,V_Peak_Ref,"threshold, AP, peak, reset and spike output",official vendor SPICE model,models\compatible\MCP6001_ngspice.lib,MCP6001,1 2 3 4 5,high,installed vendor/model source
U2,MCP6004T-I/ST,Maxime:TSSOP-14_L5.0-W4.4-P0.65-LS6.4-BL,MICROCHIP(美国微芯),MCP6004T-I/ST,C50282,11,VSS_11,passive,GNDREF,"threshold, AP, peak, reset and spike output",official vendor SPICE model,models\compatible\MCP6001_ngspice.lib,MCP6001,1 2 3 4 5,high,installed vendor/model source
U2,MCP6004T-I/ST,Maxime:TSSOP-14_L5.0-W4.4-P0.65-LS6.4-BL,MICROCHIP(美国微芯),MCP6004T-I/ST,C50282,12,VIND+_12,passive,Net-(U2C-VIND+),"threshold, AP, peak, reset and spike output",official vendor SPICE model,models\compatible\MCP6001_ngspice.lib,MCP6001,1 2 3 4 5,high,installed vendor/model source
U2,MCP6004T-I/ST,Maxime:TSSOP-14_L5.0-W4.4-P0.65-LS6.4-BL,MICROCHIP(美国微芯),MCP6004T-I/ST,C50282,13,VIND-_13,passive,Net-(U2C-VIND-),"threshold, AP, peak, reset and spike output",official vendor SPICE model,models\compatible\MCP6001_ngspice.lib,MCP6001,1 2 3 4 5,high,installed vendor/model source
U2,MCP6004T-I/ST,Maxime:TSSOP-14_L5.0-W4.4-P0.65-LS6.4-BL,MICROCHIP(美国微芯),MCP6004T-I/ST,C50282,14,VOUTD_14,passive,/Adapt,"threshold, AP, peak, reset and spike output",official vendor SPICE model,models\compatible\MCP6001_ngspice.lib,MCP6001,1 2 3 4 5,high,installed vendor/model source
U3,MCP6004T-I/ST,Maxime:TSSOP-14_L5.0-W4.4-P0.65-LS6.4-BL,MICROCHIP(美国微芯),MCP6004T-I/ST,C50282,1,VOUTA_1,passive,V_Leak,power and precision references,official vendor SPICE model,models\compatible\MCP6001_ngspice.lib,MCP6001,1 2 3 4 5,high,installed vendor/model source
U3,MCP6004T-I/ST,Maxime:TSSOP-14_L5.0-W4.4-P0.65-LS6.4-BL,MICROCHIP(美国微芯),MCP6004T-I/ST,C50282,2,VINA-_2,passive,V_Leak,power and precision references,official vendor SPICE model,models\compatible\MCP6001_ngspice.lib,MCP6001,1 2 3 4 5,high,installed vendor/model source
U3,MCP6004T-I/ST,Maxime:TSSOP-14_L5.0-W4.4-P0.65-LS6.4-BL,MICROCHIP(美国微芯),MCP6004T-I/ST,C50282,3,VINA+_3,passive,/V_Leak_ref,power and precision references,official vendor SPICE model,models\compatible\MCP6001_ngspice.lib,MCP6001,1 2 3 4 5,high,installed vendor/model source
U3,MCP6004T-I/ST,Maxime:TSSOP-14_L5.0-W4.4-P0.65-LS6.4-BL,MICROCHIP(美国微芯),MCP6004T-I/ST,C50282,4,VDD_4,passive,VDD,power and precision references,official vendor SPICE model,models\compatible\MCP6001_ngspice.lib,MCP6001,1 2 3 4 5,high,installed vendor/model source
U3,MCP6004T-I/ST,Maxime:TSSOP-14_L5.0-W4.4-P0.65-LS6.4-BL,MICROCHIP(美国微芯),MCP6004T-I/ST,C50282,5,VINB+_5,passive,VREF_2V048,power and precision references,official vendor SPICE model,models\compatible\MCP6001_ngspice.lib,MCP6001,1 2 3 4 5,high,installed vendor/model source
U3,MCP6004T-I/ST,Maxime:TSSOP-14_L5.0-W4.4-P0.65-LS6.4-BL,MICROCHIP(美国微芯),MCP6004T-I/ST,C50282,6,VINB-_6,passive,V_Leak_Ref_Max,power and precision references,official vendor SPICE model,models\compatible\MCP6001_ngspice.lib,MCP6001,1 2 3 4 5,high,installed vendor/model source
U3,MCP6004T-I/ST,Maxime:TSSOP-14_L5.0-W4.4-P0.65-LS6.4-BL,MICROCHIP(美国微芯),MCP6004T-I/ST,C50282,7,VOUTB_7,passive,V_Leak_Ref_Max,power and precision references,official vendor SPICE model,models\compatible\MCP6001_ngspice.lib,MCP6001,1 2 3 4 5,high,installed vendor/model source
U3,MCP6004T-I/ST,Maxime:TSSOP-14_L5.0-W4.4-P0.65-LS6.4-BL,MICROCHIP(美国微芯),MCP6004T-I/ST,C50282,8,VOUTC_8,passive,V_Syn3_Set,power and precision references,official vendor SPICE model,models\compatible\MCP6001_ngspice.lib,MCP6001,1 2 3 4 5,high,installed vendor/model source
U3,MCP6004T-I/ST,Maxime:TSSOP-14_L5.0-W4.4-P0.65-LS6.4-BL,MICROCHIP(美国微芯),MCP6004T-I/ST,C50282,9,VINC-_9,passive,V_Syn3_Set,power and precision references,official vendor SPICE model,models\compatible\MCP6001_ngspice.lib,MCP6001,1 2 3 4 5,high,installed vendor/model source
U3,MCP6004T-I/ST,Maxime:TSSOP-14_L5.0-W4.4-P0.65-LS6.4-BL,MICROCHIP(美国微芯),MCP6004T-I/ST,C50282,10,VINC+_10,passive,Net-(U3B-VINC+),power and precision references,official vendor SPICE model,models\compatible\MCP6001_ngspice.lib,MCP6001,1 2 3 4 5,high,installed vendor/model source
U3,MCP6004T-I/ST,Maxime:TSSOP-14_L5.0-W4.4-P0.65-LS6.4-BL,MICROCHIP(美国微芯),MCP6004T-I/ST,C50282,11,VSS_11,passive,GNDREF,power and precision references,official vendor SPICE model,models\compatible\MCP6001_ngspice.lib,MCP6001,1 2 3 4 5,high,installed vendor/model source
U3,MCP6004T-I/ST,Maxime:TSSOP-14_L5.0-W4.4-P0.65-LS6.4-BL,MICROCHIP(美国微芯),MCP6004T-I/ST,C50282,12,VIND+_12,passive,Net-(U3C-VIND+),power and precision references,official vendor SPICE model,models\compatible\MCP6001_ngspice.lib,MCP6001,1 2 3 4 5,high,installed vendor/model source
U3,MCP6004T-I/ST,Maxime:TSSOP-14_L5.0-W4.4-P0.65-LS6.4-BL,MICROCHIP(美国微芯),MCP6004T-I/ST,C50282,13,VIND-_13,passive,V_Syn4_Set,power and precision references,official vendor SPICE model,models\compatible\MCP6001_ngspice.lib,MCP6001,1 2 3 4 5,high,installed vendor/model source
U3,MCP6004T-I/ST,Maxime:TSSOP-14_L5.0-W4.4-P0.65-LS6.4-BL,MICROCHIP(美国微芯),MCP6004T-I/ST,C50282,14,VOUTD_14,passive,V_Syn4_Set,power and precision references,official vendor SPICE model,models\compatible\MCP6001_ngspice.lib,MCP6001,1 2 3 4 5,high,installed vendor/model source
U4,TLV7044PWR,TSSOP-14_L5.0-W4.4-P0.65-LS6.4-BL,TI(德州仪器),TLV7044PWR,C3658877,1,OUTA_1,passive,S0,membrane capacitance selector,official vendor SPICE model,models/portable/lifeling_portable_models.lib,,,medium,portable fallback
U4,TLV7044PWR,TSSOP-14_L5.0-W4.4-P0.65-LS6.4-BL,TI(德州仪器),TLV7044PWR,C3658877,2,INA-_2,passive,Vsel,membrane capacitance selector,official vendor SPICE model,models/portable/lifeling_portable_models.lib,,,medium,portable fallback
U4,TLV7044PWR,TSSOP-14_L5.0-W4.4-P0.65-LS6.4-BL,TI(德州仪器),TLV7044PWR,C3658877,3,INA+_3,passive,T1,membrane capacitance selector,official vendor SPICE model,models/portable/lifeling_portable_models.lib,,,medium,portable fallback
U4,TLV7044PWR,TSSOP-14_L5.0-W4.4-P0.65-LS6.4-BL,TI(德州仪器),TLV7044PWR,C3658877,4,VCC_4,passive,VDD,membrane capacitance selector,official vendor SPICE model,models/portable/lifeling_portable_models.lib,,,medium,portable fallback
U4,TLV7044PWR,TSSOP-14_L5.0-W4.4-P0.65-LS6.4-BL,TI(德州仪器),TLV7044PWR,C3658877,5,INB+_5,passive,Vsel,membrane capacitance selector,official vendor SPICE model,models/portable/lifeling_portable_models.lib,,,medium,portable fallback
U4,TLV7044PWR,TSSOP-14_L5.0-W4.4-P0.65-LS6.4-BL,TI(德州仪器),TLV7044PWR,C3658877,6,INB-_6,passive,T1,membrane capacitance selector,official vendor SPICE model,models/portable/lifeling_portable_models.lib,,,medium,portable fallback
U4,TLV7044PWR,TSSOP-14_L5.0-W4.4-P0.65-LS6.4-BL,TI(德州仪器),TLV7044PWR,C3658877,7,OUTB_7,passive,S1,membrane capacitance selector,official vendor SPICE model,models/portable/lifeling_portable_models.lib,,,medium,portable fallback
U4,TLV7044PWR,TSSOP-14_L5.0-W4.4-P0.65-LS6.4-BL,TI(德州仪器),TLV7044PWR,C3658877,8,OUTC_8,passive,S1,membrane capacitance selector,official vendor SPICE model,models/portable/lifeling_portable_models.lib,,,medium,portable fallback
U4,TLV7044PWR,TSSOP-14_L5.0-W4.4-P0.65-LS6.4-BL,TI(德州仪器),TLV7044PWR,C3658877,9,INC-_9,passive,Vsel,membrane capacitance selector,official vendor SPICE model,models/portable/lifeling_portable_models.lib,,,medium,portable fallback
U4,TLV7044PWR,TSSOP-14_L5.0-W4.4-P0.65-LS6.4-BL,TI(德州仪器),TLV7044PWR,C3658877,10,INC+_10,passive,T2,membrane capacitance selector,official vendor SPICE model,models/portable/lifeling_portable_models.lib,,,medium,portable fallback
U4,TLV7044PWR,TSSOP-14_L5.0-W4.4-P0.65-LS6.4-BL,TI(德州仪器),TLV7044PWR,C3658877,11,VEE_11,passive,GNDREF,membrane capacitance selector,official vendor SPICE model,models/portable/lifeling_portable_models.lib,,,medium,portable fallback
U4,TLV7044PWR,TSSOP-14_L5.0-W4.4-P0.65-LS6.4-BL,TI(德州仪器),TLV7044PWR,C3658877,12,IND+_12,passive,Vsel,membrane capacitance selector,official vendor SPICE model,models/portable/lifeling_portable_models.lib,,,medium,portable fallback
U4,TLV7044PWR,TSSOP-14_L5.0-W4.4-P0.65-LS6.4-BL,TI(德州仪器),TLV7044PWR,C3658877,13,IND−_13,passive,T4,membrane capacitance selector,official vendor SPICE model,models/portable/lifeling_portable_models.lib,,,medium,portable fallback
U4,TLV7044PWR,TSSOP-14_L5.0-W4.4-P0.65-LS6.4-BL,TI(德州仪器),TLV7044PWR,C3658877,14,OUTD_14,passive,S4,membrane capacitance selector,official vendor SPICE model,models/portable/lifeling_portable_models.lib,,,medium,portable fallback
U5,TLV7044PWR,TSSOP-14_L5.0-W4.4-P0.65-LS6.4-BL,TI(德州仪器),TLV7044PWR,C3658877,1,OUTA_1,passive,S2,membrane capacitance selector,official vendor SPICE model,models/portable/lifeling_portable_models.lib,,,medium,portable fallback
U5,TLV7044PWR,TSSOP-14_L5.0-W4.4-P0.65-LS6.4-BL,TI(德州仪器),TLV7044PWR,C3658877,2,INA-_2,passive,T2,membrane capacitance selector,official vendor SPICE model,models/portable/lifeling_portable_models.lib,,,medium,portable fallback
U5,TLV7044PWR,TSSOP-14_L5.0-W4.4-P0.65-LS6.4-BL,TI(德州仪器),TLV7044PWR,C3658877,3,INA+_3,passive,Vsel,membrane capacitance selector,official vendor SPICE model,models/portable/lifeling_portable_models.lib,,,medium,portable fallback
U5,TLV7044PWR,TSSOP-14_L5.0-W4.4-P0.65-LS6.4-BL,TI(德州仪器),TLV7044PWR,C3658877,4,VCC_4,passive,VDD,membrane capacitance selector,official vendor SPICE model,models/portable/lifeling_portable_models.lib,,,medium,portable fallback
U5,TLV7044PWR,TSSOP-14_L5.0-W4.4-P0.65-LS6.4-BL,TI(德州仪器),TLV7044PWR,C3658877,5,INB+_5,passive,T3,membrane capacitance selector,official vendor SPICE model,models/portable/lifeling_portable_models.lib,,,medium,portable fallback
U5,TLV7044PWR,TSSOP-14_L5.0-W4.4-P0.65-LS6.4-BL,TI(德州仪器),TLV7044PWR,C3658877,6,INB-_6,passive,Vsel,membrane capacitance selector,official vendor SPICE model,models/portable/lifeling_portable_models.lib,,,medium,portable fallback
U5,TLV7044PWR,TSSOP-14_L5.0-W4.4-P0.65-LS6.4-BL,TI(德州仪器),TLV7044PWR,C3658877,7,OUTB_7,passive,S2,membrane capacitance selector,official vendor SPICE model,models/portable/lifeling_portable_models.lib,,,medium,portable fallback
U5,TLV7044PWR,TSSOP-14_L5.0-W4.4-P0.65-LS6.4-BL,TI(德州仪器),TLV7044PWR,C3658877,8,OUTC_8,passive,S3,membrane capacitance selector,official vendor SPICE model,models/portable/lifeling_portable_models.lib,,,medium,portable fallback
U5,TLV7044PWR,TSSOP-14_L5.0-W4.4-P0.65-LS6.4-BL,TI(德州仪器),TLV7044PWR,C3658877,9,INC-_9,passive,T3,membrane capacitance selector,official vendor SPICE model,models/portable/lifeling_portable_models.lib,,,medium,portable fallback
U5,TLV7044PWR,TSSOP-14_L5.0-W4.4-P0.65-LS6.4-BL,TI(德州仪器),TLV7044PWR,C3658877,10,INC+_10,passive,Vsel,membrane capacitance selector,official vendor SPICE model,models/portable/lifeling_portable_models.lib,,,medium,portable fallback
U5,TLV7044PWR,TSSOP-14_L5.0-W4.4-P0.65-LS6.4-BL,TI(德州仪器),TLV7044PWR,C3658877,11,VEE_11,passive,GNDREF,membrane capacitance selector,official vendor SPICE model,models/portable/lifeling_portable_models.lib,,,medium,portable fallback
U5,TLV7044PWR,TSSOP-14_L5.0-W4.4-P0.65-LS6.4-BL,TI(德州仪器),TLV7044PWR,C3658877,12,IND+_12,passive,T4,membrane capacitance selector,official vendor SPICE model,models/portable/lifeling_portable_models.lib,,,medium,portable fallback
U5,TLV7044PWR,TSSOP-14_L5.0-W4.4-P0.65-LS6.4-BL,TI(德州仪器),TLV7044PWR,C3658877,13,IND−_13,passive,Vsel,membrane capacitance selector,official vendor SPICE model,models/portable/lifeling_portable_models.lib,,,medium,portable fallback
U5,TLV7044PWR,TSSOP-14_L5.0-W4.4-P0.65-LS6.4-BL,TI(德州仪器),TLV7044PWR,C3658877,14,OUTD_14,passive,S3,membrane capacitance selector,official vendor SPICE model,models/portable/lifeling_portable_models.lib,,,medium,portable fallback
U6,TLV7044PWR,TSSOP-14_L5.0-W4.4-P0.65-LS6.4-BL,TI(德州仪器),TLV7044PWR,C3658877,1,OUTA_1,passive,Peak_Window,"threshold, AP, peak, reset and spike output",official vendor SPICE model,models/portable/lifeling_portable_models.lib,,,medium,portable fallback
U6,TLV7044PWR,TSSOP-14_L5.0-W4.4-P0.65-LS6.4-BL,TI(德州仪器),TLV7044PWR,C3658877,2,INA-_2,passive,V_Threshold,"threshold, AP, peak, reset and spike output",official vendor SPICE model,models/portable/lifeling_portable_models.lib,,,medium,portable fallback
U6,TLV7044PWR,TSSOP-14_L5.0-W4.4-P0.65-LS6.4-BL,TI(德州仪器),TLV7044PWR,C3658877,3,INA+_3,passive,Spike_Pulse,"threshold, AP, peak, reset and spike output",official vendor SPICE model,models/portable/lifeling_portable_models.lib,,,medium,portable fallback
U6,TLV7044PWR,TSSOP-14_L5.0-W4.4-P0.65-LS6.4-BL,TI(德州仪器),TLV7044PWR,C3658877,4,VCC_4,passive,VDD,"threshold, AP, peak, reset and spike output",official vendor SPICE model,models/portable/lifeling_portable_models.lib,,,medium,portable fallback
U6,TLV7044PWR,TSSOP-14_L5.0-W4.4-P0.65-LS6.4-BL,TI(德州仪器),TLV7044PWR,C3658877,5,INB+_5,passive,VDD,"threshold, AP, peak, reset and spike output",official vendor SPICE model,models/portable/lifeling_portable_models.lib,,,medium,portable fallback
U6,TLV7044PWR,TSSOP-14_L5.0-W4.4-P0.65-LS6.4-BL,TI(德州仪器),TLV7044PWR,C3658877,6,INB-_6,passive,GNDREF,"threshold, AP, peak, reset and spike output",official vendor SPICE model,models/portable/lifeling_portable_models.lib,,,medium,portable fallback
U6,TLV7044PWR,TSSOP-14_L5.0-W4.4-P0.65-LS6.4-BL,TI(德州仪器),TLV7044PWR,C3658877,7,OUTB_7,passive+no_connect,unconnected-(U6B-OUTB-Pad7),"threshold, AP, peak, reset and spike output",official vendor SPICE model,models/portable/lifeling_portable_models.lib,,,medium,portable fallback
U6,TLV7044PWR,TSSOP-14_L5.0-W4.4-P0.65-LS6.4-BL,TI(德州仪器),TLV7044PWR,C3658877,8,OUTC_8,passive,Reset_Window,"threshold, AP, peak, reset and spike output",official vendor SPICE model,models/portable/lifeling_portable_models.lib,,,medium,portable fallback
U6,TLV7044PWR,TSSOP-14_L5.0-W4.4-P0.65-LS6.4-BL,TI(德州仪器),TLV7044PWR,C3658877,9,INC-_9,passive,Net-(U6C-INC-),"threshold, AP, peak, reset and spike output",official vendor SPICE model,models/portable/lifeling_portable_models.lib,,,medium,portable fallback
U6,TLV7044PWR,TSSOP-14_L5.0-W4.4-P0.65-LS6.4-BL,TI(德州仪器),TLV7044PWR,C3658877,10,INC+_10,passive,Net-(U6C-INC+),"threshold, AP, peak, reset and spike output",official vendor SPICE model,models/portable/lifeling_portable_models.lib,,,medium,portable fallback
U6,TLV7044PWR,TSSOP-14_L5.0-W4.4-P0.65-LS6.4-BL,TI(德州仪器),TLV7044PWR,C3658877,11,VEE_11,passive,GNDREF,"threshold, AP, peak, reset and spike output",official vendor SPICE model,models/portable/lifeling_portable_models.lib,,,medium,portable fallback
U6,TLV7044PWR,TSSOP-14_L5.0-W4.4-P0.65-LS6.4-BL,TI(德州仪器),TLV7044PWR,C3658877,12,IND+_12,passive,V_Threshold,"threshold, AP, peak, reset and spike output",official vendor SPICE model,models/portable/lifeling_portable_models.lib,,,medium,portable fallback
U6,TLV7044PWR,TSSOP-14_L5.0-W4.4-P0.65-LS6.4-BL,TI(德州仪器),TLV7044PWR,C3658877,13,IND−_13,passive,Vm_Int,"threshold, AP, peak, reset and spike output",official vendor SPICE model,models/portable/lifeling_portable_models.lib,,,medium,portable fallback
U6,TLV7044PWR,TSSOP-14_L5.0-W4.4-P0.65-LS6.4-BL,TI(德州仪器),TLV7044PWR,C3658877,14,OUTD_14,passive,/AP_Gate,"threshold, AP, peak, reset and spike output",official vendor SPICE model,models/portable/lifeling_portable_models.lib,,,medium,portable fallback
U7,TPS610995DRVR,Maxime:WSON-6_L2.0-W2.0-P0.65-TL-EP,TI(德州仪器),TPS610995DRVR,C2071098,1,GND_1,passive,GNDREF,power and precision references,official vendor SPICE model,models/portable/lifeling_portable_models.lib,,,medium,portable fallback
U7,TPS610995DRVR,Maxime:WSON-6_L2.0-W2.0-P0.65-TL-EP,TI(德州仪器),TPS610995DRVR,C2071098,2,VOUT_2,passive,Net-(U7-VOUT),power and precision references,official vendor SPICE model,models/portable/lifeling_portable_models.lib,,,medium,portable fallback
U7,TPS610995DRVR,Maxime:WSON-6_L2.0-W2.0-P0.65-TL-EP,TI(德州仪器),TPS610995DRVR,C2071098,3,FB_3,passive,GNDREF,power and precision references,official vendor SPICE model,models/portable/lifeling_portable_models.lib,,,medium,portable fallback
U7,TPS610995DRVR,Maxime:WSON-6_L2.0-W2.0-P0.65-TL-EP,TI(德州仪器),TPS610995DRVR,C2071098,4,EN_4,passive,VDD,power and precision references,official vendor SPICE model,models/portable/lifeling_portable_models.lib,,,medium,portable fallback
U7,TPS610995DRVR,Maxime:WSON-6_L2.0-W2.0-P0.65-TL-EP,TI(德州仪器),TPS610995DRVR,C2071098,5,SW_5,passive,Net-(U7-SW),power and precision references,official vendor SPICE model,models/portable/lifeling_portable_models.lib,,,medium,portable fallback
U7,TPS610995DRVR,Maxime:WSON-6_L2.0-W2.0-P0.65-TL-EP,TI(德州仪器),TPS610995DRVR,C2071098,6,VIN_6,passive,VDD,power and precision references,official vendor SPICE model,models/portable/lifeling_portable_models.lib,,,medium,portable fallback
U7,TPS610995DRVR,Maxime:WSON-6_L2.0-W2.0-P0.65-TL-EP,TI(德州仪器),TPS610995DRVR,C2071098,7,PowerPad_7,passive,GNDREF,power and precision references,official vendor SPICE model,models/portable/lifeling_portable_models.lib,,,medium,portable fallback
U8,TLV9001IDBVR,SOT-23-5_L3.0-W1.7-P0.95-LS2.8-BR,TI(德州仪器),TLV9001IDBVR,C398363,1,OUT_1,passive,Vm_Out_DRV,power and precision references,official vendor SPICE model,models/portable/lifeling_portable_models.lib,,,medium,portable fallback
U8,TLV9001IDBVR,SOT-23-5_L3.0-W1.7-P0.95-LS2.8-BR,TI(德州仪器),TLV9001IDBVR,C398363,2,V-_2,passive,GNDREF,power and precision references,official vendor SPICE model,models/portable/lifeling_portable_models.lib,,,medium,portable fallback
U8,TLV9001IDBVR,SOT-23-5_L3.0-W1.7-P0.95-LS2.8-BR,TI(德州仪器),TLV9001IDBVR,C398363,3,IN+_3,passive,Vm_Display_In,power and precision references,official vendor SPICE model,models/portable/lifeling_portable_models.lib,,,medium,portable fallback
U8,TLV9001IDBVR,SOT-23-5_L3.0-W1.7-P0.95-LS2.8-BR,TI(德州仪器),TLV9001IDBVR,C398363,4,IN-_4,passive,Vm_FB,power and precision references,official vendor SPICE model,models/portable/lifeling_portable_models.lib,,,medium,portable fallback
U8,TLV9001IDBVR,SOT-23-5_L3.0-W1.7-P0.95-LS2.8-BR,TI(德州仪器),TLV9001IDBVR,C398363,5,V+_5,passive,V_Boost,power and precision references,official vendor SPICE model,models/portable/lifeling_portable_models.lib,,,medium,portable fallback
U9,TS5A3166DCKR,SC-70-5_L2.1-W1.3-P0.65-LS2.1-BR,TI(德州仪器),TS5A3166DCKR,C133819,1,NO_1,passive,Net-(U9-NO),membrane capacitance selector,official vendor discrete model,models/portable/lifeling_portable_models.lib,,,medium,portable fallback
U9,TS5A3166DCKR,SC-70-5_L2.1-W1.3-P0.65-LS2.1-BR,TI(德州仪器),TS5A3166DCKR,C133819,2,COM_2,passive,Vm_Int,membrane capacitance selector,official vendor discrete model,models/portable/lifeling_portable_models.lib,,,medium,portable fallback
U9,TS5A3166DCKR,SC-70-5_L2.1-W1.3-P0.65-LS2.1-BR,TI(德州仪器),TS5A3166DCKR,C133819,3,GND_3,passive,GNDREF,membrane capacitance selector,official vendor discrete model,models/portable/lifeling_portable_models.lib,,,medium,portable fallback
U9,TS5A3166DCKR,SC-70-5_L2.1-W1.3-P0.65-LS2.1-BR,TI(德州仪器),TS5A3166DCKR,C133819,4,IN_4,passive,S0,membrane capacitance selector,official vendor discrete model,models/portable/lifeling_portable_models.lib,,,medium,portable fallback
U9,TS5A3166DCKR,SC-70-5_L2.1-W1.3-P0.65-LS2.1-BR,TI(德州仪器),TS5A3166DCKR,C133819,5,V+_5,passive,VDD,membrane capacitance selector,official vendor discrete model,models/portable/lifeling_portable_models.lib,,,medium,portable fallback
U10,TS5A3166DCKR,SC-70-5_L2.1-W1.3-P0.65-LS2.1-BR,TI(德州仪器),TS5A3166DCKR,C133819,1,NO_1,passive,Net-(U10-NO),membrane capacitance selector,official vendor discrete model,models/portable/lifeling_portable_models.lib,,,medium,portable fallback
U10,TS5A3166DCKR,SC-70-5_L2.1-W1.3-P0.65-LS2.1-BR,TI(德州仪器),TS5A3166DCKR,C133819,2,COM_2,passive,Vm_Int,membrane capacitance selector,official vendor discrete model,models/portable/lifeling_portable_models.lib,,,medium,portable fallback
U10,TS5A3166DCKR,SC-70-5_L2.1-W1.3-P0.65-LS2.1-BR,TI(德州仪器),TS5A3166DCKR,C133819,3,GND_3,passive,GNDREF,membrane capacitance selector,official vendor discrete model,models/portable/lifeling_portable_models.lib,,,medium,portable fallback
U10,TS5A3166DCKR,SC-70-5_L2.1-W1.3-P0.65-LS2.1-BR,TI(德州仪器),TS5A3166DCKR,C133819,4,IN_4,passive,S1,membrane capacitance selector,official vendor discrete model,models/portable/lifeling_portable_models.lib,,,medium,portable fallback
U10,TS5A3166DCKR,SC-70-5_L2.1-W1.3-P0.65-LS2.1-BR,TI(德州仪器),TS5A3166DCKR,C133819,5,V+_5,passive,VDD,membrane capacitance selector,official vendor discrete model,models/portable/lifeling_portable_models.lib,,,medium,portable fallback
U11,TS5A3166DCKR,SC-70-5_L2.1-W1.3-P0.65-LS2.1-BR,TI(德州仪器),TS5A3166DCKR,C133819,1,NO_1,passive,Net-(U11-NO),membrane capacitance selector,official vendor discrete model,models/portable/lifeling_portable_models.lib,,,medium,portable fallback
U11,TS5A3166DCKR,SC-70-5_L2.1-W1.3-P0.65-LS2.1-BR,TI(德州仪器),TS5A3166DCKR,C133819,2,COM_2,passive,Vm_Int,membrane capacitance selector,official vendor discrete model,models/portable/lifeling_portable_models.lib,,,medium,portable fallback
U11,TS5A3166DCKR,SC-70-5_L2.1-W1.3-P0.65-LS2.1-BR,TI(德州仪器),TS5A3166DCKR,C133819,3,GND_3,passive,GNDREF,membrane capacitance selector,official vendor discrete model,models/portable/lifeling_portable_models.lib,,,medium,portable fallback
U11,TS5A3166DCKR,SC-70-5_L2.1-W1.3-P0.65-LS2.1-BR,TI(德州仪器),TS5A3166DCKR,C133819,4,IN_4,passive,S2,membrane capacitance selector,official vendor discrete model,models/portable/lifeling_portable_models.lib,,,medium,portable fallback
U11,TS5A3166DCKR,SC-70-5_L2.1-W1.3-P0.65-LS2.1-BR,TI(德州仪器),TS5A3166DCKR,C133819,5,V+_5,passive,VDD,membrane capacitance selector,official vendor discrete model,models/portable/lifeling_portable_models.lib,,,medium,portable fallback
U12,TS5A3166DCKR,SC-70-5_L2.1-W1.3-P0.65-LS2.1-BR,TI(德州仪器),TS5A3166DCKR,C133819,1,NO_1,passive,Net-(U12-NO),membrane capacitance selector,official vendor discrete model,models/portable/lifeling_portable_models.lib,,,medium,portable fallback
U12,TS5A3166DCKR,SC-70-5_L2.1-W1.3-P0.65-LS2.1-BR,TI(德州仪器),TS5A3166DCKR,C133819,2,COM_2,passive,Vm_Int,membrane capacitance selector,official vendor discrete model,models/portable/lifeling_portable_models.lib,,,medium,portable fallback
U12,TS5A3166DCKR,SC-70-5_L2.1-W1.3-P0.65-LS2.1-BR,TI(德州仪器),TS5A3166DCKR,C133819,3,GND_3,passive,GNDREF,membrane capacitance selector,official vendor discrete model,models/portable/lifeling_portable_models.lib,,,medium,portable fallback
U12,TS5A3166DCKR,SC-70-5_L2.1-W1.3-P0.65-LS2.1-BR,TI(德州仪器),TS5A3166DCKR,C133819,4,IN_4,passive,S3,membrane capacitance selector,official vendor discrete model,models/portable/lifeling_portable_models.lib,,,medium,portable fallback
U12,TS5A3166DCKR,SC-70-5_L2.1-W1.3-P0.65-LS2.1-BR,TI(德州仪器),TS5A3166DCKR,C133819,5,V+_5,passive,VDD,membrane capacitance selector,official vendor discrete model,models/portable/lifeling_portable_models.lib,,,medium,portable fallback
U13,TS5A3166DCKR,SC-70-5_L2.1-W1.3-P0.65-LS2.1-BR,TI(德州仪器),TS5A3166DCKR,C133819,1,NO_1,passive,Net-(U13-NO),membrane capacitance selector,official vendor discrete model,models/portable/lifeling_portable_models.lib,,,medium,portable fallback
U13,TS5A3166DCKR,SC-70-5_L2.1-W1.3-P0.65-LS2.1-BR,TI(德州仪器),TS5A3166DCKR,C133819,2,COM_2,passive,Vm_Int,membrane capacitance selector,official vendor discrete model,models/portable/lifeling_portable_models.lib,,,medium,portable fallback
U13,TS5A3166DCKR,SC-70-5_L2.1-W1.3-P0.65-LS2.1-BR,TI(德州仪器),TS5A3166DCKR,C133819,3,GND_3,passive,GNDREF,membrane capacitance selector,official vendor discrete model,models/portable/lifeling_portable_models.lib,,,medium,portable fallback
U13,TS5A3166DCKR,SC-70-5_L2.1-W1.3-P0.65-LS2.1-BR,TI(德州仪器),TS5A3166DCKR,C133819,4,IN_4,passive,S4,membrane capacitance selector,official vendor discrete model,models/portable/lifeling_portable_models.lib,,,medium,portable fallback
U13,TS5A3166DCKR,SC-70-5_L2.1-W1.3-P0.65-LS2.1-BR,TI(德州仪器),TS5A3166DCKR,C133819,5,V+_5,passive,VDD,membrane capacitance selector,official vendor discrete model,models/portable/lifeling_portable_models.lib,,,medium,portable fallback
U14,TS5A3166DCKR,SC-70-5_L2.1-W1.3-P0.65-LS2.1-BR,TI(德州仪器),TS5A3166DCKR,C133819,1,NO_1,passive,Net-(U14-NO),"threshold, AP, peak, reset and spike output",official vendor discrete model,models/portable/lifeling_portable_models.lib,,,medium,portable fallback
U14,TS5A3166DCKR,SC-70-5_L2.1-W1.3-P0.65-LS2.1-BR,TI(德州仪器),TS5A3166DCKR,C133819,2,COM_2,passive,Vm_Int,"threshold, AP, peak, reset and spike output",official vendor discrete model,models/portable/lifeling_portable_models.lib,,,medium,portable fallback
U14,TS5A3166DCKR,SC-70-5_L2.1-W1.3-P0.65-LS2.1-BR,TI(德州仪器),TS5A3166DCKR,C133819,3,GND_3,passive,GNDREF,"threshold, AP, peak, reset and spike output",official vendor discrete model,models/portable/lifeling_portable_models.lib,,,medium,portable fallback
U14,TS5A3166DCKR,SC-70-5_L2.1-W1.3-P0.65-LS2.1-BR,TI(德州仪器),TS5A3166DCKR,C133819,4,IN_4,passive,Peak_Window,"threshold, AP, peak, reset and spike output",official vendor discrete model,models/portable/lifeling_portable_models.lib,,,medium,portable fallback
U14,TS5A3166DCKR,SC-70-5_L2.1-W1.3-P0.65-LS2.1-BR,TI(德州仪器),TS5A3166DCKR,C133819,5,V+_5,passive,VDD,"threshold, AP, peak, reset and spike output",official vendor discrete model,models/portable/lifeling_portable_models.lib,,,medium,portable fallback
U15,TS5A3166DCKR,Maxime:SC-70-5_L2.1-W1.3-P0.65-LS2.1-BR,TI(德州仪器),TS5A3166DCKR,C133819,1,NO_1,passive,Net-(U15-NO),signed synapses,official vendor discrete model,models/portable/lifeling_portable_models.lib,,,medium,portable fallback
U15,TS5A3166DCKR,Maxime:SC-70-5_L2.1-W1.3-P0.65-LS2.1-BR,TI(德州仪器),TS5A3166DCKR,C133819,2,COM_2,passive,V_Syn1_Set,signed synapses,official vendor discrete model,models/portable/lifeling_portable_models.lib,,,medium,portable fallback
U15,TS5A3166DCKR,Maxime:SC-70-5_L2.1-W1.3-P0.65-LS2.1-BR,TI(德州仪器),TS5A3166DCKR,C133819,3,GND_3,passive,GNDREF,signed synapses,official vendor discrete model,models/portable/lifeling_portable_models.lib,,,medium,portable fallback
U15,TS5A3166DCKR,Maxime:SC-70-5_L2.1-W1.3-P0.65-LS2.1-BR,TI(德州仪器),TS5A3166DCKR,C133819,4,IN_4,passive,Net-(U15-IN),signed synapses,official vendor discrete model,models/portable/lifeling_portable_models.lib,,,medium,portable fallback
U15,TS5A3166DCKR,Maxime:SC-70-5_L2.1-W1.3-P0.65-LS2.1-BR,TI(德州仪器),TS5A3166DCKR,C133819,5,V+_5,passive,VDD,signed synapses,official vendor discrete model,models/portable/lifeling_portable_models.lib,,,medium,portable fallback
U16,TS5A3166DCKR,Maxime:SC-70-5_L2.1-W1.3-P0.65-LS2.1-BR,TI(德州仪器),TS5A3166DCKR,C133819,1,NO_1,passive,Net-(U16-NO),signed synapses,official vendor discrete model,models/portable/lifeling_portable_models.lib,,,medium,portable fallback
U16,TS5A3166DCKR,Maxime:SC-70-5_L2.1-W1.3-P0.65-LS2.1-BR,TI(德州仪器),TS5A3166DCKR,C133819,2,COM_2,passive,V_Syn2_Set,signed synapses,official vendor discrete model,models/portable/lifeling_portable_models.lib,,,medium,portable fallback
U16,TS5A3166DCKR,Maxime:SC-70-5_L2.1-W1.3-P0.65-LS2.1-BR,TI(德州仪器),TS5A3166DCKR,C133819,3,GND_3,passive,GNDREF,signed synapses,official vendor discrete model,models/portable/lifeling_portable_models.lib,,,medium,portable fallback
U16,TS5A3166DCKR,Maxime:SC-70-5_L2.1-W1.3-P0.65-LS2.1-BR,TI(德州仪器),TS5A3166DCKR,C133819,4,IN_4,passive,Net-(U16-IN),signed synapses,official vendor discrete model,models/portable/lifeling_portable_models.lib,,,medium,portable fallback
U16,TS5A3166DCKR,Maxime:SC-70-5_L2.1-W1.3-P0.65-LS2.1-BR,TI(德州仪器),TS5A3166DCKR,C133819,5,V+_5,passive,VDD,signed synapses,official vendor discrete model,models/portable/lifeling_portable_models.lib,,,medium,portable fallback
U17,TS5A3166DCKR,Maxime:SC-70-5_L2.1-W1.3-P0.65-LS2.1-BR,TI(德州仪器),TS5A3166DCKR,C133819,1,NO_1,passive,Net-(U17-NO),signed synapses,official vendor discrete model,models/portable/lifeling_portable_models.lib,,,medium,portable fallback
U17,TS5A3166DCKR,Maxime:SC-70-5_L2.1-W1.3-P0.65-LS2.1-BR,TI(德州仪器),TS5A3166DCKR,C133819,2,COM_2,passive,V_Syn3_Set,signed synapses,official vendor discrete model,models/portable/lifeling_portable_models.lib,,,medium,portable fallback
U17,TS5A3166DCKR,Maxime:SC-70-5_L2.1-W1.3-P0.65-LS2.1-BR,TI(德州仪器),TS5A3166DCKR,C133819,3,GND_3,passive,GNDREF,signed synapses,official vendor discrete model,models/portable/lifeling_portable_models.lib,,,medium,portable fallback
U17,TS5A3166DCKR,Maxime:SC-70-5_L2.1-W1.3-P0.65-LS2.1-BR,TI(德州仪器),TS5A3166DCKR,C133819,4,IN_4,passive,Net-(U17-IN),signed synapses,official vendor discrete model,models/portable/lifeling_portable_models.lib,,,medium,portable fallback
U17,TS5A3166DCKR,Maxime:SC-70-5_L2.1-W1.3-P0.65-LS2.1-BR,TI(德州仪器),TS5A3166DCKR,C133819,5,V+_5,passive,VDD,signed synapses,official vendor discrete model,models/portable/lifeling_portable_models.lib,,,medium,portable fallback
U18,TS5A3166DCKR,Maxime:SC-70-5_L2.1-W1.3-P0.65-LS2.1-BR,TI(德州仪器),TS5A3166DCKR,C133819,1,NO_1,passive,Net-(U18-NO),signed synapses,official vendor discrete model,models/portable/lifeling_portable_models.lib,,,medium,portable fallback
U18,TS5A3166DCKR,Maxime:SC-70-5_L2.1-W1.3-P0.65-LS2.1-BR,TI(德州仪器),TS5A3166DCKR,C133819,2,COM_2,passive,V_Syn4_Set,signed synapses,official vendor discrete model,models/portable/lifeling_portable_models.lib,,,medium,portable fallback
U18,TS5A3166DCKR,Maxime:SC-70-5_L2.1-W1.3-P0.65-LS2.1-BR,TI(德州仪器),TS5A3166DCKR,C133819,3,GND_3,passive,GNDREF,signed synapses,official vendor discrete model,models/portable/lifeling_portable_models.lib,,,medium,portable fallback
U18,TS5A3166DCKR,Maxime:SC-70-5_L2.1-W1.3-P0.65-LS2.1-BR,TI(德州仪器),TS5A3166DCKR,C133819,4,IN_4,passive,Net-(U18-IN),signed synapses,official vendor discrete model,models/portable/lifeling_portable_models.lib,,,medium,portable fallback
U18,TS5A3166DCKR,Maxime:SC-70-5_L2.1-W1.3-P0.65-LS2.1-BR,TI(德州仪器),TS5A3166DCKR,C133819,5,V+_5,passive,VDD,signed synapses,official vendor discrete model,models/portable/lifeling_portable_models.lib,,,medium,portable fallback
U19,TLV7031DCKR,Maxime:SC-70-5_L2.1-W1.3-P0.65-LS2.2-BR,TI(德州仪器),TLV7031DCKR,C2863637,1,OUT_1,passive,Net-(U19-OUT),"threshold, AP, peak, reset and spike output",official vendor SPICE model,models/portable/lifeling_portable_models.lib,,,medium,portable fallback
U19,TLV7031DCKR,Maxime:SC-70-5_L2.1-W1.3-P0.65-LS2.2-BR,TI(德州仪器),TLV7031DCKR,C2863637,2,GND_2,passive,GNDREF,"threshold, AP, peak, reset and spike output",official vendor SPICE model,models/portable/lifeling_portable_models.lib,,,medium,portable fallback
U19,TLV7031DCKR,Maxime:SC-70-5_L2.1-W1.3-P0.65-LS2.2-BR,TI(德州仪器),TLV7031DCKR,C2863637,3,IN+_3,passive,Peak_Window,"threshold, AP, peak, reset and spike output",official vendor SPICE model,models/portable/lifeling_portable_models.lib,,,medium,portable fallback
U19,TLV7031DCKR,Maxime:SC-70-5_L2.1-W1.3-P0.65-LS2.2-BR,TI(德州仪器),TLV7031DCKR,C2863637,4,IN-_4,passive,V_Logic_Mid,"threshold, AP, peak, reset and spike output",official vendor SPICE model,models/portable/lifeling_portable_models.lib,,,medium,portable fallback
U19,TLV7031DCKR,Maxime:SC-70-5_L2.1-W1.3-P0.65-LS2.2-BR,TI(德州仪器),TLV7031DCKR,C2863637,5,VCC_5,passive,VDD,"threshold, AP, peak, reset and spike output",official vendor SPICE model,models/portable/lifeling_portable_models.lib,,,medium,portable fallback
U20,TS5A3166DCKR,SC-70-5_L2.1-W1.3-P0.65-LS2.1-BR,TI(德州仪器),TS5A3166DCKR,C133819,1,NO_1,passive,Net-(U20-NO),"threshold, AP, peak, reset and spike output",official vendor discrete model,models/portable/lifeling_portable_models.lib,,,medium,portable fallback
U20,TS5A3166DCKR,SC-70-5_L2.1-W1.3-P0.65-LS2.1-BR,TI(德州仪器),TS5A3166DCKR,C133819,2,COM_2,passive,Vm_Display_In,"threshold, AP, peak, reset and spike output",official vendor discrete model,models/portable/lifeling_portable_models.lib,,,medium,portable fallback
U20,TS5A3166DCKR,SC-70-5_L2.1-W1.3-P0.65-LS2.1-BR,TI(德州仪器),TS5A3166DCKR,C133819,3,GND_3,passive,GNDREF,"threshold, AP, peak, reset and spike output",official vendor discrete model,models/portable/lifeling_portable_models.lib,,,medium,portable fallback
U20,TS5A3166DCKR,SC-70-5_L2.1-W1.3-P0.65-LS2.1-BR,TI(德州仪器),TS5A3166DCKR,C133819,4,IN_4,passive,Peak_Window,"threshold, AP, peak, reset and spike output",official vendor discrete model,models/portable/lifeling_portable_models.lib,,,medium,portable fallback
U20,TS5A3166DCKR,SC-70-5_L2.1-W1.3-P0.65-LS2.1-BR,TI(德州仪器),TS5A3166DCKR,C133819,5,V+_5,passive,VDD,"threshold, AP, peak, reset and spike output",official vendor discrete model,models/portable/lifeling_portable_models.lib,,,medium,portable fallback
U21,REF3020AIDBZR,SOT-23-3_L3.0-W1.7-P0.95-LS2.9-BR,TI(德州仪器),REF3020AIDBZR,C26804,1,IN_1,passive,VDD,power and precision references,official vendor SPICE model,models/portable/lifeling_portable_models.lib,,,medium,portable fallback
U21,REF3020AIDBZR,SOT-23-3_L3.0-W1.7-P0.95-LS2.9-BR,TI(德州仪器),REF3020AIDBZR,C26804,2,OUT_2,passive,VREF_2V048,power and precision references,official vendor SPICE model,models/portable/lifeling_portable_models.lib,,,medium,portable fallback
U21,REF3020AIDBZR,SOT-23-3_L3.0-W1.7-P0.95-LS2.9-BR,TI(德州仪器),REF3020AIDBZR,C26804,3,GND_3,passive,GNDREF,power and precision references,official vendor SPICE model,models/portable/lifeling_portable_models.lib,,,medium,portable fallback
U22,TLV9001IDBVR,SOT-23-5_L3.0-W1.7-P0.95-LS2.8-BR,TI(德州仪器),TLV9001IDBVR,C398363,1,OUT_1,passive,VREF_1V024,power and precision references,official vendor SPICE model,models/portable/lifeling_portable_models.lib,,,medium,portable fallback
U22,TLV9001IDBVR,SOT-23-5_L3.0-W1.7-P0.95-LS2.8-BR,TI(德州仪器),TLV9001IDBVR,C398363,2,V-_2,passive,GNDREF,power and precision references,official vendor SPICE model,models/portable/lifeling_portable_models.lib,,,medium,portable fallback
U22,TLV9001IDBVR,SOT-23-5_L3.0-W1.7-P0.95-LS2.8-BR,TI(德州仪器),TLV9001IDBVR,C398363,3,IN+_3,passive,VREF_1V024_RAW,power and precision references,official vendor SPICE model,models/portable/lifeling_portable_models.lib,,,medium,portable fallback
U22,TLV9001IDBVR,SOT-23-5_L3.0-W1.7-P0.95-LS2.8-BR,TI(德州仪器),TLV9001IDBVR,C398363,4,IN-_4,passive,VREF_1V024,power and precision references,official vendor SPICE model,models/portable/lifeling_portable_models.lib,,,medium,portable fallback
U22,TLV9001IDBVR,SOT-23-5_L3.0-W1.7-P0.95-LS2.8-BR,TI(德州仪器),TLV9001IDBVR,C398363,5,V+_5,passive,VDD,power and precision references,official vendor SPICE model,models/portable/lifeling_portable_models.lib,,,medium,portable fallback
U23,TLV9041IDBVR,SOT-23-5_L2.9-W1.6-P0.95-LS2.8-BR,TI(德州仪器),TLV9041IDBVR,C4368325,1,OUT_1,passive,V_Stim_Drive,external stimulus,official vendor SPICE model,models/portable/lifeling_portable_models.lib,,,medium,portable fallback
U23,TLV9041IDBVR,SOT-23-5_L2.9-W1.6-P0.95-LS2.8-BR,TI(德州仪器),TLV9041IDBVR,C4368325,2,V-_2,passive,GNDREF,external stimulus,official vendor SPICE model,models/portable/lifeling_portable_models.lib,,,medium,portable fallback
U23,TLV9041IDBVR,SOT-23-5_L2.9-W1.6-P0.95-LS2.8-BR,TI(德州仪器),TLV9041IDBVR,C4368325,3,IN+_3,passive,Net-(U23-IN+),external stimulus,official vendor SPICE model,models/portable/lifeling_portable_models.lib,,,medium,portable fallback
U23,TLV9041IDBVR,SOT-23-5_L2.9-W1.6-P0.95-LS2.8-BR,TI(德州仪器),TLV9041IDBVR,C4368325,4,IN-_4,passive,Net-(U23-IN-),external stimulus,official vendor SPICE model,models/portable/lifeling_portable_models.lib,,,medium,portable fallback
U23,TLV9041IDBVR,SOT-23-5_L2.9-W1.6-P0.95-LS2.8-BR,TI(德州仪器),TLV9041IDBVR,C4368325,5,V+_5,passive,VDD,external stimulus,official vendor SPICE model,models/portable/lifeling_portable_models.lib,,,medium,portable fallback
